-- MySQL dump 10.13  Distrib 8.0.19, for Linux (x86_64)
--
-- Host: localhost    Database: vk
-- ------------------------------------------------------
-- Server version	8.0.19

/*!40101 SET @OLD_CHARACTER_SET_CLIENT=@@CHARACTER_SET_CLIENT */;
/*!40101 SET @OLD_CHARACTER_SET_RESULTS=@@CHARACTER_SET_RESULTS */;
/*!40101 SET @OLD_COLLATION_CONNECTION=@@COLLATION_CONNECTION */;
/*!50503 SET NAMES utf8mb4 */;
/*!40103 SET @OLD_TIME_ZONE=@@TIME_ZONE */;
/*!40103 SET TIME_ZONE='+00:00' */;
/*!40014 SET @OLD_UNIQUE_CHECKS=@@UNIQUE_CHECKS, UNIQUE_CHECKS=0 */;
/*!40014 SET @OLD_FOREIGN_KEY_CHECKS=@@FOREIGN_KEY_CHECKS, FOREIGN_KEY_CHECKS=0 */;
/*!40101 SET @OLD_SQL_MODE=@@SQL_MODE, SQL_MODE='NO_AUTO_VALUE_ON_ZERO' */;
/*!40111 SET @OLD_SQL_NOTES=@@SQL_NOTES, SQL_NOTES=0 */;

--
-- Current Database: `vk`
--

CREATE DATABASE /*!32312 IF NOT EXISTS*/ `vk` /*!40100 DEFAULT CHARACTER SET utf8 */ /*!80016 DEFAULT ENCRYPTION='N' */;

USE `vk`;

--
-- Table structure for table `communities`
--

DROP TABLE IF EXISTS `communities`;
/*!40101 SET @saved_cs_client     = @@character_set_client */;
/*!50503 SET character_set_client = utf8mb4 */;
CREATE TABLE `communities` (
  `id` int unsigned NOT NULL AUTO_INCREMENT,
  `name` varchar(150) CHARACTER SET utf8 COLLATE utf8_unicode_ci NOT NULL,
  `media_id` int unsigned DEFAULT NULL,
  `motto` varchar(255) CHARACTER SET utf8 COLLATE utf8_unicode_ci DEFAULT NULL,
  `info` text CHARACTER SET utf8 COLLATE utf8_unicode_ci,
  `created_at` datetime DEFAULT CURRENT_TIMESTAMP,
  PRIMARY KEY (`id`),
  UNIQUE KEY `name` (`name`)
) ENGINE=InnoDB AUTO_INCREMENT=21 DEFAULT CHARSET=utf8 COLLATE=utf8_unicode_ci;
/*!40101 SET character_set_client = @saved_cs_client */;

--
-- Dumping data for table `communities`
--

LOCK TABLES `communities` WRITE;
/*!40000 ALTER TABLE `communities` DISABLE KEYS */;
INSERT INTO `communities` VALUES (1,'Hic enim placeat asperiores vel.',34,'Ea expedita dolorem voluptas praesentium nihil natus. Officia sit illum quae quia eos. Quo itaque iste qui consectetur hic ut itaque. Et id facilis nobis placeat. Possimus aliquam id non odio et dolores.','Qui enim repellendus suscipit natus. Libero hic est aut qui adipisci laborum. Quae quibusdam cupiditate qui.','2004-07-19 12:46:13'),(2,'Ducimus placeat et odio nemo.',127,'Suscipit aperiam voluptatem nisi. Animi enim molestiae labore odit modi iure. Id sit quam perferendis enim explicabo et. Nihil ipsam et est porro aliquam necessitatibus.','Illum autem non et provident ipsam ipsam eos. Quia non facere aspernatur exercitationem consectetur. Odit facere maiores eos quo. Vel nemo vitae saepe quidem tenetur quod.','2009-10-18 04:54:08'),(3,'Similique velit voluptas fugit aut occaecati commodi.',21,'Doloremque porro autem recusandae optio. Ea doloremque delectus dolores quia amet. Voluptatum repellat rerum consequatur ducimus accusamus quasi.','Ut numquam dolorum sed nemo. Minus quos quo aut doloremque est a.','1970-11-16 23:16:36'),(4,'Quis vel culpa quam non doloremque unde.',121,'Error consequatur aut recusandae quae voluptatum. Aut consequatur enim est quas blanditiis a quod incidunt. Impedit ipsam voluptatem ut voluptatem nihil. Tenetur possimus qui odio est voluptatem vel. Sequi doloremque nihil itaque perspiciatis vel voluptat','Eum non consequuntur nihil sit rerum pariatur. Modi quia qui tenetur ipsam. Temporibus aliquam voluptatibus sequi laboriosam ut.','1971-06-27 11:17:34'),(5,'Optio distinctio veritatis fugiat et eum ratione.',68,'Enim expedita ex commodi nostrum. Dolores nihil qui sunt illo ullam. Voluptatem dicta voluptas enim fugiat nisi aperiam.','Velit dignissimos ea esse dolores. Dolorem facere dolorem voluptatum accusamus ut perferendis.\nDignissimos aut consequatur delectus rerum quisquam omnis fuga. Est tempore aut ea quam.','2018-03-02 21:21:30'),(6,'Quia consequatur sint asperiores perspiciatis aliquid aut.',96,'Libero porro odio minima alias numquam iste. Voluptas asperiores quis provident commodi laudantium velit voluptate. Deleniti facere nihil dolore laboriosam. Ratione vitae dolorem adipisci magnam labore nihil et numquam.','Labore et fuga minus doloremque enim et. Aspernatur voluptatem ut suscipit. Qui aut et minima repellat molestias impedit. Rerum laborum ducimus ut excepturi eos enim.','2009-10-10 16:50:31'),(7,'Corporis perspiciatis quia nobis minus et.',61,'Architecto rerum tenetur vitae corrupti cumque vitae. Repellat et iusto architecto nam exercitationem quia illum. Quia excepturi dolorem qui accusantium placeat. Dolor et dolor qui dolorum ut repellat facilis.','Dolor earum ut eius est ab magnam saepe. Ut tempore consequatur quis et sunt omnis. Neque mollitia facilis at totam quibusdam harum sapiente. Omnis quam quisquam dolorem ut odit ducimus.','2010-11-27 11:39:14'),(8,'Et nisi inventore nesciunt sint molestiae.',88,'Nobis et minus fuga corporis ut enim illo. Rerum harum magnam modi similique quia nam. Accusamus omnis veritatis necessitatibus qui in enim maiores. Ratione minus aliquam aliquam.','Odit voluptatem voluptas quidem et. Aut rem quia eos.','2007-08-13 18:56:59'),(9,'Et molestiae expedita est nisi.',83,'Magni voluptatum et nam aliquam molestiae. Eius in laboriosam officia. Blanditiis sed accusantium asperiores earum minima. Voluptate non neque error autem tenetur. Soluta officia tenetur eaque sequi minima repudiandae.','Eos quibusdam aut corporis libero sunt molestiae incidunt. Qui laudantium quod facere doloribus autem fugit. Reiciendis ducimus fugit aut sequi et placeat maiores. Molestias sed id qui.','2008-08-09 13:15:57'),(10,'Illo expedita soluta perspiciatis saepe sunt rerum ratione.',24,'Nam voluptas nisi aperiam quibusdam quis tenetur. Error quaerat voluptas nihil ut quo. Aut nobis sequi ea atque sunt illo. Autem atque aliquid beatae nulla voluptatem expedita veniam.','Laudantium optio dolor dolor tenetur quia iusto ipsam. Optio odio facilis et magnam. Et dolores quam qui ab quae at perferendis.','1970-08-09 08:54:27'),(11,'Vel sit voluptatem facilis est molestiae occaecati.',69,'Aliquid suscipit ducimus tenetur exercitationem sapiente eos officiis. Non autem nemo quos corporis eos velit. Quis rerum soluta quia sed et.','Delectus ipsum quo dolor odit illum quos ullam. Ad placeat repellendus omnis. Rerum molestiae est fugiat at sit aut. Aut blanditiis aut eum autem sed veritatis.','2008-05-18 20:49:24'),(12,'Ipsam modi sit impedit et fugit facilis.',10,'Vero id quo repellat aut minus accusamus quasi. Quibusdam architecto non quia consequatur qui accusamus saepe. Facilis id earum deserunt. Deleniti ab quasi aliquid. Non ut maiores minima reprehenderit et itaque pariatur.','Atque qui harum voluptatum blanditiis quam. Iste ut dolorem sunt voluptas rem maxime. Qui corrupti tempore labore voluptas autem.','2014-05-09 12:30:31'),(13,'Autem officia velit hic amet at voluptatem.',95,'Nemo qui eum minima. Aut nam omnis debitis quaerat. Praesentium eum delectus sequi odio qui.','Iure et perspiciatis tempore quasi expedita ut. Quia unde quia maxime dolore quo officia. Odio beatae laboriosam officia non consequatur voluptate enim.','1992-03-12 11:07:29'),(14,'Quis ex eos atque.',85,'Ducimus consequuntur dolorum sed et sint similique ex. Eum eveniet nulla qui sed eligendi mollitia velit. Magni laudantium earum explicabo.','Et nostrum delectus velit. Blanditiis ex quia exercitationem nam.','2004-08-17 16:01:10'),(15,'Enim tempora dolor dolorem ab animi quaerat modi.',83,'Autem provident sed exercitationem neque rerum ut. Omnis dolor aut ea temporibus amet quis. Nemo et quas tempore voluptatem. Delectus quis cupiditate quae.','Laboriosam facere ducimus ullam sit. Cupiditate laboriosam id temporibus quo saepe laboriosam suscipit rerum. Minima aliquid qui ut. In sunt dolorem ut quaerat eius qui doloremque magnam.','1989-03-05 18:42:35'),(16,'Possimus dolor blanditiis facilis unde qui eos enim.',7,'Sed placeat iste et velit. Veniam et repudiandae odit ullam neque sunt. Officia exercitationem necessitatibus aut praesentium. Non ut molestiae provident delectus saepe. Voluptatibus magni reprehenderit qui nihil dicta itaque.','Voluptatem fugit error nihil nihil eos laudantium. Eos voluptate ipsam consequatur quis sunt necessitatibus. Amet nobis est ut quisquam aut. Qui id quidem facilis ut omnis dolorem a.','1975-04-01 04:45:33'),(17,'Possimus sapiente laboriosam et consequuntur.',62,'Qui explicabo quia veritatis excepturi. Quidem repudiandae repudiandae tempore laborum tenetur est qui sequi. Facilis odio est sit numquam voluptas.','Nesciunt voluptatem possimus vel modi. Est reiciendis qui harum sit odit hic. Aperiam ullam iste autem nihil optio aspernatur ut incidunt.','1973-06-29 18:18:25'),(18,'Ad ullam atque modi quia ut consequatur.',92,'Alias consequatur qui temporibus quia occaecati alias. Laborum qui nam et. Ut autem natus maxime est nobis omnis perspiciatis repellat. Sunt cumque et cumque et voluptatum.','Aut est veniam harum. Autem iure ex optio. Corrupti corporis dolor eos perferendis quidem. Tempore nisi est veritatis aut impedit repudiandae aut molestias.','1998-07-24 06:19:22'),(19,'Id debitis libero et.',131,'Fuga animi voluptas molestias voluptas expedita ut. Optio ut voluptate omnis rerum optio soluta ducimus. Dolor architecto perferendis illo. Omnis dolor eos voluptas accusantium labore enim.','Soluta qui fugiat eum. Est ullam quas sit earum voluptas est. Quisquam voluptatibus in magni magnam veritatis. Qui ut ullam eum.','1996-10-05 19:56:00'),(20,'Qui recusandae et commodi accusamus alias inventore.',13,'Vel et pariatur quae incidunt. Sapiente optio possimus et consectetur. Numquam autem aut itaque dolorem et voluptatem vel.','Quia rerum sint sit. Ut vel sint quae minima officiis velit. Pariatur aut quis rerum ut itaque inventore quas. Voluptas veritatis dicta rerum amet.','2016-01-03 22:33:46');
/*!40000 ALTER TABLE `communities` ENABLE KEYS */;
UNLOCK TABLES;

--
-- Table structure for table `communities_users`
--

DROP TABLE IF EXISTS `communities_users`;
/*!40101 SET @saved_cs_client     = @@character_set_client */;
/*!50503 SET character_set_client = utf8mb4 */;
CREATE TABLE `communities_users` (
  `community_id` int unsigned NOT NULL,
  `user_id` int unsigned NOT NULL,
  PRIMARY KEY (`community_id`,`user_id`)
) ENGINE=InnoDB DEFAULT CHARSET=utf8 COLLATE=utf8_unicode_ci;
/*!40101 SET character_set_client = @saved_cs_client */;

--
-- Dumping data for table `communities_users`
--

LOCK TABLES `communities_users` WRITE;
/*!40000 ALTER TABLE `communities_users` DISABLE KEYS */;
INSERT INTO `communities_users` VALUES (1,1),(1,21),(1,41),(1,61),(1,81),(2,2),(2,22),(2,42),(2,62),(2,82),(3,3),(3,23),(3,43),(3,63),(3,83),(4,4),(4,24),(4,44),(4,64),(4,84),(5,5),(5,25),(5,45),(5,65),(5,85),(6,6),(6,26),(6,46),(6,66),(6,86),(7,7),(7,27),(7,47),(7,67),(7,87),(8,8),(8,28),(8,48),(8,68),(8,88),(9,9),(9,29),(9,49),(9,69),(9,89),(10,10),(10,30),(10,50),(10,70),(10,90),(11,11),(11,31),(11,51),(11,71),(11,91),(12,12),(12,32),(12,52),(12,72),(12,92),(13,13),(13,33),(13,53),(13,73),(13,93),(14,14),(14,34),(14,54),(14,74),(14,94),(15,15),(15,35),(15,55),(15,75),(15,95),(16,16),(16,36),(16,56),(16,76),(16,96),(17,17),(17,37),(17,57),(17,77),(17,97),(18,18),(18,38),(18,58),(18,78),(18,98),(19,19),(19,39),(19,59),(19,79),(19,99),(20,20),(20,40),(20,60),(20,80),(20,100);
/*!40000 ALTER TABLE `communities_users` ENABLE KEYS */;
UNLOCK TABLES;

--
-- Table structure for table `friendship`
--

DROP TABLE IF EXISTS `friendship`;
/*!40101 SET @saved_cs_client     = @@character_set_client */;
/*!50503 SET character_set_client = utf8mb4 */;
CREATE TABLE `friendship` (
  `user_id` int unsigned NOT NULL,
  `friend_id` int unsigned NOT NULL,
  `status_id` int unsigned NOT NULL,
  `requested_at` datetime DEFAULT CURRENT_TIMESTAMP,
  `confirmed_at` datetime DEFAULT NULL,
  PRIMARY KEY (`user_id`,`friend_id`)
) ENGINE=InnoDB DEFAULT CHARSET=utf8 COLLATE=utf8_unicode_ci;
/*!40101 SET character_set_client = @saved_cs_client */;

--
-- Dumping data for table `friendship`
--

LOCK TABLES `friendship` WRITE;
/*!40000 ALTER TABLE `friendship` DISABLE KEYS */;
INSERT INTO `friendship` VALUES (2,53,3,'2016-12-21 17:26:26','2009-05-30 06:12:04'),(3,59,1,'1970-08-07 02:01:09','1984-10-27 05:37:44'),(3,97,1,'1995-04-25 16:09:16','2012-06-11 20:37:47'),(4,12,3,'2018-06-24 20:35:22','2000-12-01 04:17:35'),(5,41,1,'1981-11-06 11:32:14','2004-03-21 01:58:21'),(6,10,1,'1995-04-07 06:52:52','2007-05-17 06:12:45'),(6,100,2,'2019-02-10 18:38:09','1996-11-17 05:51:23'),(7,82,1,'1995-07-23 11:57:14','2011-06-21 00:53:26'),(8,60,1,'1984-10-11 06:18:08','2009-08-19 12:54:08'),(8,74,2,'2007-05-23 09:17:48','1990-10-30 10:04:42'),(10,81,2,'2003-09-05 08:46:31','1999-11-15 07:33:49'),(10,88,2,'1992-03-04 16:42:09','2001-08-23 11:40:11'),(12,61,3,'1972-08-12 17:13:58','1983-03-08 17:15:52'),(13,41,2,'1998-05-28 18:56:02','1980-03-30 02:52:20'),(13,88,3,'1999-12-02 09:54:48','2006-11-29 11:03:58'),(15,10,2,'1978-01-11 21:59:25','1979-07-17 10:24:08'),(15,25,3,'2002-03-22 12:42:39','2002-02-04 07:52:52'),(16,48,1,'2000-01-24 10:16:27','1975-12-26 04:39:29'),(19,3,3,'1979-04-01 18:31:18','1975-02-24 04:15:20'),(19,30,1,'2019-01-11 11:13:41','1977-07-20 19:14:11'),(21,31,2,'1987-08-07 06:06:57','1995-08-06 23:04:23'),(21,48,1,'1977-07-16 22:56:42','2013-10-17 04:09:13'),(24,4,3,'2003-08-24 11:10:29','2010-05-10 15:02:19'),(26,51,1,'1996-10-06 16:15:52','1971-10-06 23:20:22'),(26,53,2,'1997-06-24 12:50:10','2016-07-31 04:43:47'),(27,45,2,'2002-12-26 17:59:31','1986-06-13 11:11:15'),(27,49,3,'1984-12-31 04:04:54','1994-11-20 09:05:15'),(28,62,1,'2003-12-21 14:33:42','1992-11-24 08:27:44'),(29,14,3,'1979-04-24 11:40:02','1976-11-15 14:19:19'),(29,68,1,'1972-10-18 06:03:44','1989-03-31 05:43:26'),(30,93,2,'1977-10-06 03:18:58','1976-09-22 21:55:20'),(34,5,3,'1973-03-31 20:20:38','1975-11-04 17:16:13'),(34,9,1,'2008-02-15 05:51:40','1973-12-18 02:59:08'),(34,26,3,'2015-06-11 08:04:59','1996-10-07 13:20:26'),(34,87,1,'1996-03-21 19:33:33','1973-05-10 05:57:16'),(34,89,1,'2009-02-18 00:27:12','1979-09-15 18:56:46'),(35,97,3,'1972-01-12 15:00:19','2015-02-12 02:58:41'),(38,100,1,'1979-07-24 23:32:27','2005-07-15 16:35:06'),(40,67,2,'1972-11-12 20:52:26','1999-08-03 10:42:21'),(42,43,2,'1987-12-17 21:15:53','1987-11-04 13:29:35'),(42,100,1,'2016-04-25 23:18:47','1992-05-03 19:41:30'),(43,86,3,'2018-01-01 02:51:51','1970-12-30 11:00:21'),(43,88,2,'1987-05-12 01:55:42','2005-02-03 17:38:17'),(44,21,1,'1982-04-28 19:25:07','1995-01-16 21:07:44'),(44,61,2,'1981-03-30 06:29:36','2004-09-29 04:57:51'),(45,3,3,'1987-09-21 00:37:01','1997-03-06 18:56:24'),(45,14,3,'2018-10-29 17:10:59','1991-06-20 07:38:23'),(45,86,2,'1978-11-15 22:26:38','1977-11-26 23:29:25'),(46,92,3,'2002-12-08 13:41:01','2012-07-09 10:09:42'),(47,37,1,'1985-09-15 05:49:31','1999-09-09 15:23:48'),(47,98,1,'2013-01-29 04:09:57','1990-11-24 05:15:38'),(48,96,2,'1997-06-17 09:37:44','1988-06-17 18:32:49'),(49,49,3,'1989-09-10 04:53:33','1984-10-17 19:21:02'),(50,79,1,'1973-08-12 10:58:50','1971-02-11 19:31:46'),(51,93,3,'1978-03-26 12:38:22','2010-01-01 08:01:32'),(52,58,2,'1993-06-22 10:28:54','2019-06-19 04:35:14'),(52,66,2,'1986-07-04 11:59:01','1983-04-23 17:34:54'),(56,20,1,'1990-01-02 07:47:16','1995-09-24 05:56:06'),(57,78,2,'2001-02-25 19:53:44','1982-09-18 19:04:03'),(58,22,2,'1995-12-14 04:25:56','2000-01-01 19:21:24'),(63,67,3,'2016-05-27 11:41:32','1977-01-12 14:07:30'),(67,9,3,'1986-05-25 23:40:04','1972-11-20 18:32:40'),(68,54,1,'2016-09-18 00:21:12','1972-03-17 17:03:43'),(68,77,3,'1994-09-21 03:10:11','1987-05-22 07:54:46'),(70,86,2,'1972-03-30 00:45:55','1971-04-03 19:12:42'),(71,58,1,'1987-08-23 14:16:24','1983-12-27 20:43:41'),(71,78,1,'1978-11-11 15:51:14','1973-02-17 08:15:26'),(72,52,3,'1999-03-02 22:59:45','2019-08-02 03:53:59'),(72,61,1,'1975-10-20 02:06:26','2009-02-19 05:36:04'),(74,26,3,'1988-08-20 06:13:39','2018-10-23 05:49:10'),(74,85,1,'2016-06-14 19:40:50','1985-01-26 13:02:52'),(74,100,1,'1995-12-19 15:20:17','1992-10-12 08:49:00'),(75,31,3,'2016-04-14 07:03:35','1997-09-27 03:22:18'),(76,7,3,'1978-08-14 09:09:23','2006-07-04 03:44:58'),(77,5,1,'1997-09-08 20:42:08','1993-05-23 14:19:46'),(77,30,1,'2011-11-12 20:39:29','1995-06-24 20:55:11'),(77,49,2,'1986-03-18 04:30:01','1974-12-10 16:56:17'),(77,93,2,'2019-05-26 00:13:02','2007-12-18 06:30:50'),(78,57,1,'1991-12-11 15:00:43','1999-10-24 05:45:35'),(79,22,2,'1988-12-31 06:14:14','1995-04-11 13:57:14'),(79,94,3,'2019-08-11 18:26:03','1998-07-23 10:07:25'),(80,44,3,'1990-07-07 23:30:16','2018-07-18 22:44:52'),(80,90,2,'2004-09-06 09:57:03','2009-10-08 16:42:48'),(80,99,2,'1992-07-07 06:43:05','1994-08-14 13:00:04'),(82,20,1,'2016-09-07 06:22:00','1978-02-05 03:54:02'),(82,79,2,'2002-07-26 10:23:45','2013-09-11 14:56:48'),(84,22,2,'2015-12-07 06:31:39','1973-06-27 01:07:18'),(85,81,2,'2012-11-20 15:42:33','1990-07-19 14:53:13'),(87,58,1,'1977-12-27 08:43:57','1976-04-28 10:24:09'),(87,75,3,'2001-08-11 19:42:25','1996-02-04 03:22:33'),(88,58,3,'1980-02-08 12:23:14','1976-12-15 23:55:30'),(88,94,1,'1976-12-08 11:28:30','1993-07-26 14:45:44'),(91,60,1,'2005-10-24 18:06:55','1970-05-25 00:15:18'),(92,36,1,'2002-09-28 01:08:59','1986-11-03 01:18:53'),(92,70,2,'1978-07-06 11:06:24','2008-02-26 23:25:44'),(93,17,1,'1982-03-03 05:25:19','2005-11-10 17:11:13'),(94,52,3,'1993-07-15 04:45:10','1978-06-20 20:09:56'),(96,22,1,'1978-04-29 02:57:00','1978-10-14 06:21:53'),(97,21,1,'1973-07-28 20:30:41','1972-11-24 14:35:42'),(97,39,3,'2016-11-01 00:11:40','2005-07-10 22:21:58');
/*!40000 ALTER TABLE `friendship` ENABLE KEYS */;
UNLOCK TABLES;

--
-- Table structure for table `friendship_statuses`
--

DROP TABLE IF EXISTS `friendship_statuses`;
/*!40101 SET @saved_cs_client     = @@character_set_client */;
/*!50503 SET character_set_client = utf8mb4 */;
CREATE TABLE `friendship_statuses` (
  `id` int unsigned NOT NULL AUTO_INCREMENT,
  `name` varchar(150) CHARACTER SET utf8 COLLATE utf8_unicode_ci NOT NULL,
  `created_at` datetime DEFAULT CURRENT_TIMESTAMP,
  PRIMARY KEY (`id`),
  UNIQUE KEY `name` (`name`)
) ENGINE=InnoDB AUTO_INCREMENT=4 DEFAULT CHARSET=utf8 COLLATE=utf8_unicode_ci;
/*!40101 SET character_set_client = @saved_cs_client */;

--
-- Dumping data for table `friendship_statuses`
--

LOCK TABLES `friendship_statuses` WRITE;
/*!40000 ALTER TABLE `friendship_statuses` DISABLE KEYS */;
INSERT INTO `friendship_statuses` VALUES (1,'Requested','2020-02-29 13:08:57'),(2,'Confirmed','2020-02-29 13:08:57'),(3,'Rejected','2020-02-29 13:08:57');
/*!40000 ALTER TABLE `friendship_statuses` ENABLE KEYS */;
UNLOCK TABLES;

--
-- Table structure for table `likes`
--

DROP TABLE IF EXISTS `likes`;
/*!40101 SET @saved_cs_client     = @@character_set_client */;
/*!50503 SET character_set_client = utf8mb4 */;
CREATE TABLE `likes` (
  `id` int unsigned NOT NULL AUTO_INCREMENT,
  `media_id` int unsigned NOT NULL,
  `post_id` int unsigned NOT NULL,
  `user_id` int unsigned NOT NULL,
  `created_at` datetime DEFAULT CURRENT_TIMESTAMP,
  `updated_at` datetime DEFAULT CURRENT_TIMESTAMP ON UPDATE CURRENT_TIMESTAMP,
  PRIMARY KEY (`id`)
) ENGINE=InnoDB AUTO_INCREMENT=201 DEFAULT CHARSET=utf8 COLLATE=utf8_unicode_ci;
/*!40101 SET character_set_client = @saved_cs_client */;

--
-- Dumping data for table `likes`
--

LOCK TABLES `likes` WRITE;
/*!40000 ALTER TABLE `likes` DISABLE KEYS */;
INSERT INTO `likes` VALUES (1,4,11,5,'1983-10-18 12:49:49','2020-02-29 14:01:35'),(2,71,75,36,'1979-05-08 13:58:19','2020-02-29 14:01:35'),(3,81,45,48,'2002-09-15 18:20:40','2020-02-29 14:01:35'),(4,98,98,86,'1970-11-17 07:06:41','2020-02-29 14:01:35'),(5,31,53,59,'1984-07-16 21:38:21','2020-02-29 14:01:35'),(6,45,70,25,'2011-09-10 18:08:43','2020-02-29 14:01:35'),(7,47,91,92,'2008-01-31 17:19:24','2020-02-29 14:01:35'),(8,52,43,80,'2012-10-30 15:51:33','2020-02-29 14:01:35'),(9,65,43,44,'2018-01-10 20:08:05','2020-02-29 14:01:35'),(10,35,85,74,'2009-10-21 23:52:05','2020-02-29 14:01:35'),(11,79,97,22,'2019-08-22 11:07:29','2020-02-29 14:01:35'),(12,56,28,22,'1991-08-15 02:10:59','2020-02-29 14:01:35'),(13,78,50,70,'2017-05-31 01:55:53','2020-02-29 14:01:35'),(14,17,66,34,'2006-05-18 04:34:20','2020-02-29 14:01:35'),(15,29,77,7,'1976-01-29 08:27:44','2020-02-29 14:01:35'),(16,10,88,51,'2000-12-17 22:04:15','2020-02-29 14:01:35'),(17,98,9,63,'1986-02-10 06:20:50','2020-02-29 14:01:35'),(18,85,82,6,'1979-07-10 12:34:54','2020-02-29 14:01:35'),(19,89,81,39,'1981-06-26 21:49:26','2020-02-29 14:01:35'),(20,6,57,84,'1976-09-12 16:44:05','2020-02-29 14:01:35'),(21,59,41,52,'2010-03-11 04:28:20','2020-02-29 14:01:35'),(22,14,34,47,'2014-08-08 23:50:03','2020-02-29 14:01:35'),(23,1,46,13,'1988-03-03 15:06:49','2020-02-29 14:01:35'),(24,21,29,82,'2009-10-18 08:06:32','2020-02-29 14:01:35'),(25,72,7,9,'2009-02-04 11:49:33','2020-02-29 14:01:35'),(26,82,48,93,'2016-05-24 19:02:33','2020-02-29 14:01:35'),(27,67,18,1,'1987-05-05 16:57:11','2020-02-29 14:01:35'),(28,24,43,44,'1994-07-07 14:52:52','2020-02-29 14:01:35'),(29,39,64,39,'2014-07-07 07:14:05','2020-02-29 14:01:35'),(30,7,88,82,'1981-12-30 00:45:47','2020-02-29 14:01:35'),(31,14,49,10,'1977-01-18 23:28:28','2020-02-29 14:01:35'),(32,25,81,48,'2009-02-06 13:48:32','2020-02-29 14:01:35'),(33,99,57,39,'1987-11-26 10:47:13','2020-02-29 14:01:35'),(34,56,43,62,'2001-04-26 05:23:03','2020-02-29 14:01:35'),(35,45,43,38,'1980-03-07 06:50:45','2020-02-29 14:01:35'),(36,5,84,39,'2018-04-06 22:12:09','2020-02-29 14:01:35'),(37,38,91,87,'2004-04-20 21:04:23','2020-02-29 14:01:35'),(38,78,2,83,'1973-06-24 02:47:14','2020-02-29 14:01:35'),(39,49,38,55,'1982-04-09 20:52:27','2020-02-29 14:01:35'),(40,34,82,71,'1993-02-03 23:23:40','2020-02-29 14:01:35'),(41,43,94,79,'1985-05-19 00:55:45','2020-02-29 14:01:35'),(42,4,27,15,'1991-09-17 22:00:38','2020-02-29 14:01:35'),(43,6,50,42,'1999-06-10 19:24:56','2020-02-29 14:01:35'),(44,22,71,68,'2009-02-01 11:01:59','2020-02-29 14:01:35'),(45,90,4,59,'1981-05-29 09:50:10','2020-02-29 14:01:35'),(46,28,7,33,'1993-01-17 01:01:19','2020-02-29 14:01:35'),(47,32,21,18,'1995-09-21 10:19:47','2020-02-29 14:01:35'),(48,8,86,54,'1978-02-22 09:25:40','2020-02-29 14:01:35'),(49,88,65,46,'1971-04-14 14:56:01','2020-02-29 14:01:35'),(50,27,65,50,'2016-04-22 08:07:54','2020-02-29 14:01:35'),(51,55,30,87,'2003-02-01 21:05:26','2020-02-29 14:01:35'),(52,27,54,81,'1991-11-26 00:56:53','2020-02-29 14:01:35'),(53,9,82,34,'2003-05-13 18:14:35','2020-02-29 14:01:35'),(54,28,46,28,'1971-09-14 18:12:55','2020-02-29 14:01:35'),(55,22,83,13,'1993-02-26 11:53:42','2020-02-29 14:01:35'),(56,33,78,91,'1971-02-13 12:39:00','2020-02-29 14:01:35'),(57,80,42,77,'1999-04-12 11:19:29','2020-02-29 14:01:35'),(58,89,72,14,'2011-07-29 00:07:22','2020-02-29 14:01:35'),(59,30,35,89,'2018-03-28 08:28:12','2020-02-29 14:01:35'),(60,41,59,93,'2000-10-12 02:28:25','2020-02-29 14:01:35'),(61,34,91,40,'1991-11-15 15:20:49','2020-02-29 14:01:35'),(62,63,77,85,'1999-08-25 22:45:59','2020-02-29 14:01:35'),(63,3,12,21,'2019-07-11 15:04:08','2020-02-29 14:01:35'),(64,90,26,81,'1974-09-06 12:37:32','2020-02-29 14:01:35'),(65,50,95,77,'2010-07-05 10:41:22','2020-02-29 14:01:35'),(66,55,96,70,'2008-11-21 16:11:35','2020-02-29 14:01:35'),(67,33,93,10,'2018-08-24 05:18:32','2020-02-29 14:01:35'),(68,73,76,94,'2000-05-16 01:38:30','2020-02-29 14:01:35'),(69,71,2,75,'1999-01-05 23:48:59','2020-02-29 14:01:35'),(70,79,80,5,'2000-09-13 02:14:37','2020-02-29 14:01:35'),(71,73,95,49,'1980-02-10 00:50:26','2020-02-29 14:01:35'),(72,53,33,15,'2018-01-17 00:19:10','2020-02-29 14:01:35'),(73,48,80,3,'2013-09-08 04:49:51','2020-02-29 14:01:35'),(74,12,1,84,'1985-06-28 09:03:52','2020-02-29 14:01:35'),(75,74,64,73,'1977-01-02 16:12:40','2020-02-29 14:01:35'),(76,100,15,86,'1986-09-09 15:54:36','2020-02-29 14:01:35'),(77,28,86,97,'1991-06-09 06:57:49','2020-02-29 14:01:35'),(78,57,82,10,'1970-02-10 22:42:13','2020-02-29 14:01:35'),(79,19,50,98,'2011-09-18 21:47:21','2020-02-29 14:01:35'),(80,85,6,80,'2017-05-06 22:23:26','2020-02-29 14:01:35'),(81,69,80,83,'1993-10-01 20:47:04','2020-02-29 14:01:35'),(82,92,80,1,'2014-05-14 21:07:03','2020-02-29 14:01:35'),(83,40,60,59,'2003-06-21 04:30:29','2020-02-29 14:01:35'),(84,11,59,20,'1971-10-18 13:18:56','2020-02-29 14:01:35'),(85,96,14,24,'1986-01-03 00:56:48','2020-02-29 14:01:35'),(86,10,94,30,'1972-10-06 16:36:29','2020-02-29 14:01:35'),(87,82,28,19,'1976-01-08 23:29:18','2020-02-29 14:01:35'),(88,35,56,28,'1977-01-22 14:07:47','2020-02-29 14:01:35'),(89,79,95,76,'1973-07-23 05:29:57','2020-02-29 14:01:35'),(90,62,8,37,'1975-03-14 14:04:59','2020-02-29 14:01:35'),(91,41,52,97,'2018-03-08 04:51:49','2020-02-29 14:01:35'),(92,1,39,31,'1999-06-13 23:31:19','2020-02-29 14:01:35'),(93,36,36,29,'1971-01-01 17:45:22','2020-02-29 14:01:35'),(94,85,65,9,'1987-12-25 22:41:25','2020-02-29 14:01:35'),(95,70,17,83,'1976-03-03 09:06:29','2020-02-29 14:01:35'),(96,41,87,26,'1984-02-19 11:38:48','2020-02-29 14:01:35'),(97,62,84,58,'1970-09-11 20:39:42','2020-02-29 14:01:35'),(98,53,59,47,'1989-01-11 02:59:00','2020-02-29 14:01:35'),(99,62,40,16,'2011-09-18 05:36:49','2020-02-29 14:01:35'),(100,48,26,39,'1974-05-20 12:49:53','2020-02-29 14:01:35'),(101,44,7,45,'1996-12-18 15:45:03','2020-02-29 14:01:35'),(102,21,56,61,'1997-03-22 06:17:23','2020-02-29 14:01:35'),(103,49,60,55,'1971-04-07 22:27:15','2020-02-29 14:01:35'),(104,93,31,44,'1979-12-27 19:30:14','2020-02-29 14:01:35'),(105,55,75,62,'2012-05-27 18:28:46','2020-02-29 14:01:35'),(106,76,81,97,'2006-03-05 21:37:14','2020-02-29 14:01:35'),(107,19,80,73,'1973-08-25 03:56:56','2020-02-29 14:01:35'),(108,83,55,46,'1971-12-23 23:56:20','2020-02-29 14:01:35'),(109,12,35,12,'2010-05-02 12:03:02','2020-02-29 14:01:35'),(110,74,8,53,'2003-09-01 01:55:33','2020-02-29 14:01:35'),(111,13,37,6,'1983-08-14 18:29:23','2020-02-29 14:01:35'),(112,24,60,41,'1976-04-21 15:22:42','2020-02-29 14:01:35'),(113,89,89,9,'1991-02-24 12:26:24','2020-02-29 14:01:35'),(114,49,62,43,'2015-07-26 06:20:17','2020-02-29 14:01:35'),(115,90,45,100,'2007-05-16 14:51:37','2020-02-29 14:01:35'),(116,87,39,1,'2008-07-30 02:21:29','2020-02-29 14:01:35'),(117,27,57,77,'1973-12-23 02:16:13','2020-02-29 14:01:35'),(118,27,68,52,'1984-06-18 17:29:09','2020-02-29 14:01:35'),(119,59,67,88,'2014-01-29 21:28:05','2020-02-29 14:01:35'),(120,70,32,79,'2007-12-18 14:37:31','2020-02-29 14:01:35'),(121,28,60,97,'1971-11-25 04:38:43','2020-02-29 14:01:35'),(122,43,3,85,'2016-02-24 13:04:45','2020-02-29 14:01:35'),(123,84,34,58,'1977-09-22 06:53:29','2020-02-29 14:01:35'),(124,38,59,40,'1987-06-09 07:41:33','2020-02-29 14:01:35'),(125,31,92,9,'1973-06-02 15:51:17','2020-02-29 14:01:35'),(126,2,84,26,'2018-10-04 20:23:47','2020-02-29 14:01:35'),(127,13,43,72,'2010-12-24 11:59:32','2020-02-29 14:01:35'),(128,72,63,85,'1973-01-16 02:26:18','2020-02-29 14:01:35'),(129,74,84,9,'2019-02-07 19:48:44','2020-02-29 14:01:35'),(130,95,31,86,'2012-06-02 13:00:09','2020-02-29 14:01:35'),(131,11,4,97,'2007-03-07 07:02:26','2020-02-29 14:01:35'),(132,70,24,47,'2017-04-17 17:02:56','2020-02-29 14:01:35'),(133,11,9,61,'2004-10-05 11:34:04','2020-02-29 14:01:35'),(134,13,73,96,'1998-03-20 20:51:48','2020-02-29 14:01:35'),(135,80,38,30,'2015-03-19 21:50:55','2020-02-29 14:01:35'),(136,97,69,64,'2004-08-29 19:15:46','2020-02-29 14:01:35'),(137,62,30,71,'1985-06-24 17:10:33','2020-02-29 14:01:35'),(138,53,43,30,'1987-05-29 13:59:05','2020-02-29 14:01:35'),(139,50,23,52,'2006-07-26 14:23:42','2020-02-29 14:01:35'),(140,44,86,61,'2004-01-09 08:41:29','2020-02-29 14:01:35'),(141,69,61,31,'1999-02-25 10:08:20','2020-02-29 14:01:35'),(142,59,47,65,'1999-09-07 14:00:54','2020-02-29 14:01:35'),(143,6,50,97,'1982-08-04 02:11:30','2020-02-29 14:01:35'),(144,9,7,26,'1998-10-18 19:42:44','2020-02-29 14:01:35'),(145,46,87,77,'1990-05-29 09:34:09','2020-02-29 14:01:35'),(146,25,13,27,'1974-03-09 14:22:35','2020-02-29 14:01:35'),(147,79,5,10,'2012-07-21 12:01:55','2020-02-29 14:01:35'),(148,75,86,88,'2002-08-17 19:17:31','2020-02-29 14:01:35'),(149,76,14,5,'1977-03-18 08:41:31','2020-02-29 14:01:35'),(150,31,12,69,'2006-11-30 01:36:34','2020-02-29 14:01:35'),(151,27,17,95,'1975-05-22 04:51:34','2020-02-29 14:01:35'),(152,33,49,71,'1975-11-28 15:10:12','2020-02-29 14:01:35'),(153,46,94,47,'1988-06-01 15:09:42','2020-02-29 14:01:35'),(154,7,23,84,'1994-01-25 22:55:52','2020-02-29 14:01:35'),(155,93,33,7,'1972-09-24 13:28:34','2020-02-29 14:01:35'),(156,77,96,28,'2016-12-13 13:46:13','2020-02-29 14:01:35'),(157,12,79,58,'1977-05-31 02:17:06','2020-02-29 14:01:35'),(158,1,5,52,'1972-07-17 19:14:02','2020-02-29 14:01:35'),(159,13,90,34,'1994-09-24 03:53:43','2020-02-29 14:01:35'),(160,82,33,3,'1976-08-28 00:47:34','2020-02-29 14:01:35'),(161,46,94,61,'1995-05-25 09:57:32','2020-02-29 14:01:35'),(162,99,70,62,'2006-03-17 16:09:00','2020-02-29 14:01:35'),(163,40,69,52,'1995-02-04 21:34:04','2020-02-29 14:01:35'),(164,77,35,66,'1988-11-25 03:52:16','2020-02-29 14:01:35'),(165,18,68,86,'1997-10-26 15:57:16','2020-02-29 14:01:35'),(166,51,32,40,'2016-09-17 09:47:20','2020-02-29 14:01:35'),(167,31,55,17,'2002-06-27 02:21:15','2020-02-29 14:01:35'),(168,18,81,50,'1985-06-27 11:53:20','2020-02-29 14:01:35'),(169,71,38,6,'2012-01-16 18:41:14','2020-02-29 14:01:35'),(170,71,46,82,'1990-08-30 01:05:28','2020-02-29 14:01:35'),(171,14,18,46,'1972-10-07 21:21:00','2020-02-29 14:01:35'),(172,97,50,68,'1986-06-04 10:06:16','2020-02-29 14:01:35'),(173,18,94,49,'1994-09-05 11:31:15','2020-02-29 14:01:35'),(174,95,21,15,'1985-02-06 14:07:25','2020-02-29 14:01:35'),(175,92,22,7,'2020-02-07 15:41:59','2020-02-29 14:01:35'),(176,12,45,7,'1971-08-04 20:48:20','2020-02-29 14:01:35'),(177,27,62,15,'2013-12-03 23:31:59','2020-02-29 14:01:35'),(178,77,72,85,'1988-11-09 12:02:22','2020-02-29 14:01:35'),(179,69,72,98,'1976-12-08 23:29:25','2020-02-29 14:01:35'),(180,40,47,54,'2004-04-08 22:19:03','2020-02-29 14:01:35'),(181,23,15,36,'1978-10-25 06:43:41','2020-02-29 14:01:35'),(182,78,35,77,'1984-09-10 11:34:12','2020-02-29 14:01:35'),(183,89,31,48,'1997-07-11 08:35:51','2020-02-29 14:01:35'),(184,93,48,35,'2005-10-14 07:31:23','2020-02-29 14:01:35'),(185,66,48,73,'1994-04-19 03:46:32','2020-02-29 14:01:35'),(186,80,95,35,'2000-07-31 23:14:39','2020-02-29 14:01:35'),(187,24,31,63,'1970-04-05 09:32:55','2020-02-29 14:01:35'),(188,18,69,92,'2003-04-15 10:58:18','2020-02-29 14:01:35'),(189,65,51,50,'2002-11-30 22:55:27','2020-02-29 14:01:35'),(190,4,47,55,'2002-03-01 00:03:55','2020-02-29 14:01:35'),(191,36,82,99,'1971-03-10 19:30:15','2020-02-29 14:01:35'),(192,18,67,6,'2000-11-11 23:02:06','2020-02-29 14:01:35'),(193,65,91,28,'2012-04-27 04:30:33','2020-02-29 14:01:35'),(194,96,54,29,'1980-10-22 04:45:25','2020-02-29 14:01:35'),(195,35,96,89,'1977-10-12 20:05:04','2020-02-29 14:01:35'),(196,15,16,13,'2012-04-21 07:50:17','2020-02-29 14:01:35'),(197,2,94,46,'1989-09-19 11:40:15','2020-02-29 14:01:35'),(198,9,20,42,'2011-05-26 11:22:33','2020-02-29 14:01:35'),(199,41,17,20,'2007-10-03 10:31:07','2020-02-29 14:01:35'),(200,69,25,75,'1999-07-20 00:24:21','2020-02-29 14:01:35');
/*!40000 ALTER TABLE `likes` ENABLE KEYS */;
UNLOCK TABLES;

--
-- Table structure for table `media`
--

DROP TABLE IF EXISTS `media`;
/*!40101 SET @saved_cs_client     = @@character_set_client */;
/*!50503 SET character_set_client = utf8mb4 */;
CREATE TABLE `media` (
  `id` int unsigned NOT NULL AUTO_INCREMENT,
  `media_type_id` int unsigned NOT NULL,
  `user_id` int unsigned NOT NULL,
  `filename` varchar(255) CHARACTER SET utf8 COLLATE utf8_unicode_ci NOT NULL,
  `size` int NOT NULL,
  `metadata` json DEFAULT NULL,
  `created_at` datetime DEFAULT CURRENT_TIMESTAMP,
  `updated_at` datetime DEFAULT CURRENT_TIMESTAMP ON UPDATE CURRENT_TIMESTAMP,
  PRIMARY KEY (`id`)
) ENGINE=InnoDB AUTO_INCREMENT=151 DEFAULT CHARSET=utf8 COLLATE=utf8_unicode_ci;
/*!40101 SET character_set_client = @saved_cs_client */;

--
-- Dumping data for table `media`
--

LOCK TABLES `media` WRITE;
/*!40000 ALTER TABLE `media` DISABLE KEYS */;
INSERT INTO `media` VALUES (1,3,73,'https://dropbox.com/vk/file_bz',29092,'{\"owner\": \"Stanford Effertz\"}','1991-12-17 04:36:55','2020-02-29 13:01:25'),(2,1,22,'https://dropbox.com/vk/file_sxc',35956,'{\"owner\": \"Mertie Feest\"}','1998-12-27 08:52:38','2020-02-29 13:01:25'),(3,2,92,'https://dropbox.com/vk/file_ttl',96678,'{\"owner\": \"Wyatt Runte\"}','1986-08-12 18:22:14','2020-02-29 13:01:25'),(4,3,91,'https://dropbox.com/vk/file_sxg',80812,'{\"owner\": \"Garrett Abbott\"}','1971-04-12 21:38:28','2020-02-29 13:01:25'),(5,1,82,'https://dropbox.com/vk/file_texi',77777,'{\"owner\": \"Nicholas Gislason\"}','1982-12-14 04:41:01','2020-02-29 13:01:25'),(6,1,33,'https://dropbox.com/vk/file_ppm',61196,'{\"owner\": \"Stephania Kunze\"}','1997-06-24 00:39:09','2020-02-29 13:01:25'),(7,1,19,'https://dropbox.com/vk/file_gnumeric',34777,'{\"owner\": \"Skylar Blick\"}','2000-08-15 02:25:56','2020-02-29 13:01:25'),(8,3,94,'https://dropbox.com/vk/file_cab',61520,'{\"owner\": \"Kieran Streich\"}','2002-10-28 21:21:33','2020-02-29 13:01:25'),(9,2,14,'https://dropbox.com/vk/file_xlf',55282,'{\"owner\": \"Sabryna Wisozk\"}','2006-04-01 17:06:20','2020-02-29 13:01:25'),(10,2,89,'https://dropbox.com/vk/file_vcs',87671,'{\"owner\": \"Corbin Hammes\"}','1993-07-17 20:31:31','2020-02-29 13:01:25'),(11,2,99,'https://dropbox.com/vk/file_umj',86868,'{\"owner\": \"Jermaine Jerde\"}','2007-04-07 13:20:24','2020-02-29 13:01:25'),(12,2,31,'https://dropbox.com/vk/file_mseq',3456,'{\"owner\": \"Christop Doyle\"}','1977-01-13 09:16:41','2020-02-29 13:01:25'),(13,3,58,'https://dropbox.com/vk/file_xsm',81787,'{\"owner\": \"Sabryna Murray\"}','1989-04-09 00:12:00','2020-02-29 13:01:25'),(14,2,94,'https://dropbox.com/vk/file_clp',22237,'{\"owner\": \"Kieran Streich\"}','1996-11-27 16:03:46','2020-02-29 13:01:25'),(15,1,94,'https://dropbox.com/vk/file_sit',1221,'{\"owner\": \"Kieran Streich\"}','1995-04-19 07:29:19','2020-02-29 13:01:25'),(16,1,91,'https://dropbox.com/vk/file_dpg',66812,'{\"owner\": \"Garrett Abbott\"}','2005-02-03 16:05:18','2020-02-29 13:01:25'),(17,2,70,'https://dropbox.com/vk/file_uvvs',60007,'{\"owner\": \"Obie Hoeger\"}','1978-09-18 13:06:38','2020-02-29 13:01:25'),(18,2,79,'https://dropbox.com/vk/file_mj2',62398,'{\"owner\": \"Noel Corkery\"}','1978-08-15 15:41:00','2020-02-29 13:01:25'),(19,2,82,'https://dropbox.com/vk/file_ods',3321,'{\"owner\": \"Nicholas Gislason\"}','2018-11-28 00:46:54','2020-02-29 13:01:25'),(20,1,73,'https://dropbox.com/vk/file_lbe',64599,'{\"owner\": \"Stanford Effertz\"}','1982-03-01 12:52:45','2020-02-29 13:01:25'),(21,2,19,'https://dropbox.com/vk/file_xar',84578,'{\"owner\": \"Skylar Blick\"}','2004-05-10 11:25:07','2020-02-29 13:01:25'),(22,3,75,'https://dropbox.com/vk/file_css',25219,'{\"owner\": \"Maria Kulas\"}','1980-02-13 12:05:20','2020-02-29 13:01:25'),(23,3,19,'https://dropbox.com/vk/file_g3',59369,'{\"owner\": \"Skylar Blick\"}','1995-05-01 02:19:20','2020-02-29 13:01:25'),(24,1,70,'https://dropbox.com/vk/file_mpy',34134,'{\"owner\": \"Obie Hoeger\"}','2000-11-28 22:43:53','2020-02-29 13:01:25'),(25,2,92,'https://dropbox.com/vk/file_xaml',80257,'{\"owner\": \"Wyatt Runte\"}','2013-04-18 19:34:37','2020-02-29 13:01:25'),(26,1,49,'https://dropbox.com/vk/file_h261',46725,'{\"owner\": \"Curt Moen\"}','2014-12-05 15:18:13','2020-02-29 13:01:25'),(27,1,69,'https://dropbox.com/vk/file_mathml',58602,'{\"owner\": \"Krystel Kulas\"}','1984-03-14 23:32:15','2020-02-29 13:01:25'),(28,3,98,'https://dropbox.com/vk/file_wgt',99260,'{\"owner\": \"Israel McCullough\"}','1992-12-20 04:54:42','2020-02-29 13:01:25'),(29,1,82,'https://dropbox.com/vk/file_emma',76033,'{\"owner\": \"Nicholas Gislason\"}','1981-11-13 00:31:05','2020-02-29 13:01:25'),(30,2,14,'https://dropbox.com/vk/file_lrm',89243,'{\"owner\": \"Sabryna Wisozk\"}','2006-07-17 18:33:29','2020-02-29 13:01:25'),(31,3,26,'https://dropbox.com/vk/file_vxml',75629,'{\"owner\": \"Leanna Larson\"}','2018-10-02 06:18:07','2020-02-29 13:01:25'),(32,1,85,'https://dropbox.com/vk/file_fdf',33804,'{\"owner\": \"Kali Kutch\"}','1995-06-20 22:17:02','2020-02-29 13:01:25'),(33,2,46,'https://dropbox.com/vk/file_sis',54185,'{\"owner\": \"Reuben Gorczany\"}','1976-01-01 22:47:16','2020-02-29 13:01:25'),(34,3,76,'https://dropbox.com/vk/file_kne',84925,'{\"owner\": \"Barney Christiansen\"}','1991-07-05 05:51:15','2020-02-29 13:01:25'),(35,2,40,'https://dropbox.com/vk/file_adp',57614,'{\"owner\": \"Reginald Dickinson\"}','1970-01-27 16:40:08','2020-02-29 13:01:25'),(36,3,74,'https://dropbox.com/vk/file_gph',64132,'{\"owner\": \"Gracie O\'Kon\"}','1975-09-01 12:32:36','2020-02-29 13:01:25'),(37,3,50,'https://dropbox.com/vk/file_wml',65274,'{\"owner\": \"Jonathon Smitham\"}','1976-09-09 10:34:22','2020-02-29 13:01:25'),(38,2,28,'https://dropbox.com/vk/file_sxd',15052,'{\"owner\": \"Angelica Stark\"}','1988-07-28 05:03:14','2020-02-29 13:01:25'),(39,3,89,'https://dropbox.com/vk/file_sbml',11298,'{\"owner\": \"Corbin Hammes\"}','2012-08-27 21:01:20','2020-02-29 13:01:25'),(40,3,59,'https://dropbox.com/vk/file_odt',36391,'{\"owner\": \"Werner Pfeffer\"}','2007-04-24 04:18:01','2020-02-29 13:01:25'),(41,3,28,'https://dropbox.com/vk/file_dwf',15334,'{\"owner\": \"Angelica Stark\"}','1995-10-26 14:52:12','2020-02-29 13:01:25'),(42,1,64,'https://dropbox.com/vk/file_x3dv',64886,'{\"owner\": \"Deion Trantow\"}','1982-11-30 18:54:46','2020-02-29 13:01:25'),(43,1,33,'https://dropbox.com/vk/file_pps',53132,'{\"owner\": \"Stephania Kunze\"}','1985-12-25 23:15:24','2020-02-29 13:01:25'),(44,1,74,'https://dropbox.com/vk/file_tmo',28286,'{\"owner\": \"Gracie O\'Kon\"}','1975-02-13 05:13:49','2020-02-29 13:01:25'),(45,1,69,'https://dropbox.com/vk/file_wmls',88598,'{\"owner\": \"Krystel Kulas\"}','2004-05-09 19:13:29','2020-02-29 13:01:25'),(46,3,24,'https://dropbox.com/vk/file_der',84418,'{\"owner\": \"Kameron McDermott\"}','1997-11-10 14:35:41','2020-02-29 13:01:25'),(47,2,11,'https://dropbox.com/vk/file_wtb',84991,'{\"owner\": \"Kirk Pacocha\"}','2014-05-23 17:37:57','2020-02-29 13:01:25'),(48,2,85,'https://dropbox.com/vk/file_uvh',80986,'{\"owner\": \"Kali Kutch\"}','1978-10-29 23:54:28','2020-02-29 13:01:25'),(49,2,88,'https://dropbox.com/vk/file_svc',40560,'{\"owner\": \"Adolph Bins\"}','1985-10-02 16:59:28','2020-02-29 13:01:25'),(50,3,87,'https://dropbox.com/vk/file_ivp',74669,'{\"owner\": \"Rickie Hudson\"}','2011-08-31 06:54:07','2020-02-29 13:01:25'),(51,2,70,'https://dropbox.com/vk/file_opml',61338,'{\"owner\": \"Obie Hoeger\"}','1977-09-23 00:51:58','2020-02-29 13:01:25'),(52,1,87,'https://dropbox.com/vk/file_odf',33597,'{\"owner\": \"Rickie Hudson\"}','1976-04-06 20:36:37','2020-02-29 13:01:25'),(53,3,27,'https://dropbox.com/vk/file_otc',74329,'{\"owner\": \"Carson Gottlieb\"}','2003-12-28 05:07:18','2020-02-29 13:01:25'),(54,2,72,'https://dropbox.com/vk/file_wmd',67039,'{\"owner\": \"Maiya Casper\"}','1994-08-07 13:53:19','2020-02-29 13:01:25'),(55,3,79,'https://dropbox.com/vk/file_wbxml',46058,'{\"owner\": \"Noel Corkery\"}','1979-09-13 20:34:21','2020-02-29 13:01:25'),(56,1,78,'https://dropbox.com/vk/file_org',59958,'{\"owner\": \"Damion Reilly\"}','2007-07-13 21:22:38','2020-02-29 13:01:25'),(57,2,53,'https://dropbox.com/vk/file_lnk',72224,'{\"owner\": \"Kaitlyn Balistreri\"}','2015-04-13 04:23:22','2020-02-29 13:01:25'),(58,1,29,'https://dropbox.com/vk/file_scurl',4368,'{\"owner\": \"Norbert Abbott\"}','1998-06-08 02:06:04','2020-02-29 13:01:25'),(59,3,86,'https://dropbox.com/vk/file_install',3362,'{\"owner\": \"Elena Ratke\"}','1998-09-29 21:59:01','2020-02-29 13:01:25'),(60,2,44,'https://dropbox.com/vk/file_fly',18484,'{\"owner\": \"Sarina Windler\"}','2017-09-19 11:27:42','2020-02-29 13:01:25'),(61,1,59,'https://dropbox.com/vk/file_wav',2186,'{\"owner\": \"Werner Pfeffer\"}','1972-02-28 01:05:11','2020-02-29 13:01:25'),(62,2,64,'https://dropbox.com/vk/file_etx',5138,'{\"owner\": \"Deion Trantow\"}','1992-08-08 22:32:19','2020-02-29 13:01:25'),(63,1,43,'https://dropbox.com/vk/file_bmp',76461,'{\"owner\": \"Brandi Kilback\"}','2008-09-12 09:29:33','2020-02-29 13:01:25'),(64,2,21,'https://dropbox.com/vk/file_xpm',3954,'{\"owner\": \"Hilario Carroll\"}','1992-04-15 18:51:47','2020-02-29 13:01:25'),(65,3,76,'https://dropbox.com/vk/file_ez3',15513,'{\"owner\": \"Barney Christiansen\"}','2014-09-17 23:28:58','2020-02-29 13:01:25'),(66,1,15,'https://dropbox.com/vk/file_iso',76115,'{\"owner\": \"Kendra Doyle\"}','2014-05-26 23:35:55','2020-02-29 13:01:25'),(67,3,48,'https://dropbox.com/vk/file_aiff',41856,'{\"owner\": \"Kane Fadel\"}','1979-09-11 04:16:42','2020-02-29 13:01:25'),(68,2,93,'https://dropbox.com/vk/file_odg',12014,'{\"owner\": \"Gaetano Goodwin\"}','2006-09-10 21:49:30','2020-02-29 13:01:25'),(69,3,22,'https://dropbox.com/vk/file_air',6104,'{\"owner\": \"Mertie Feest\"}','2003-04-25 09:20:44','2020-02-29 13:01:25'),(70,2,32,'https://dropbox.com/vk/file_wpd',46229,'{\"owner\": \"Blaze Bahringer\"}','1988-11-05 10:32:34','2020-02-29 13:01:25'),(71,1,93,'https://dropbox.com/vk/file_jad',89525,'{\"owner\": \"Gaetano Goodwin\"}','2009-12-27 00:21:17','2020-02-29 13:01:25'),(72,3,68,'https://dropbox.com/vk/file_wmlsc',84778,'{\"owner\": \"Jerald Ebert\"}','2013-04-19 19:57:49','2020-02-29 13:01:25'),(73,3,61,'https://dropbox.com/vk/file_wqd',89125,'{\"owner\": \"Estel Berge\"}','2017-09-12 21:39:33','2020-02-29 13:01:25'),(74,3,99,'https://dropbox.com/vk/file_wmx',11977,'{\"owner\": \"Jermaine Jerde\"}','1970-11-06 13:05:37','2020-02-29 13:01:25'),(75,2,11,'https://dropbox.com/vk/file_xo',81341,'{\"owner\": \"Kirk Pacocha\"}','1984-09-21 22:35:15','2020-02-29 13:01:25'),(76,3,59,'https://dropbox.com/vk/file_dd2',28119,'{\"owner\": \"Werner Pfeffer\"}','2002-04-24 14:23:55','2020-02-29 13:01:25'),(77,3,59,'https://dropbox.com/vk/file_dvb',25951,'{\"owner\": \"Werner Pfeffer\"}','2001-06-07 19:05:41','2020-02-29 13:01:25'),(78,1,20,'https://dropbox.com/vk/file_sldm',87984,'{\"owner\": \"Shania Vandervort\"}','1985-03-24 17:24:14','2020-02-29 13:01:25'),(79,2,20,'https://dropbox.com/vk/file_uvvx',46723,'{\"owner\": \"Shania Vandervort\"}','2014-12-16 18:29:34','2020-02-29 13:01:25'),(80,2,40,'https://dropbox.com/vk/file_hlp',83389,'{\"owner\": \"Reginald Dickinson\"}','1977-09-14 00:01:47','2020-02-29 13:01:25'),(81,1,38,'https://dropbox.com/vk/file_curl',27768,'{\"owner\": \"Tabitha Morar\"}','1978-03-31 13:17:30','2020-02-29 13:01:25'),(82,2,71,'https://dropbox.com/vk/file_xz',43452,'{\"owner\": \"Milton Mills\"}','2019-06-30 21:10:54','2020-02-29 13:01:25'),(83,3,41,'https://dropbox.com/vk/file_uvf',91803,'{\"owner\": \"Kyleigh Kerluke\"}','2001-02-05 17:57:21','2020-02-29 13:01:25'),(84,2,93,'https://dropbox.com/vk/file_mmf',16862,'{\"owner\": \"Gaetano Goodwin\"}','1985-09-16 20:41:37','2020-02-29 13:01:25'),(85,1,41,'https://dropbox.com/vk/file_pnm',63074,'{\"owner\": \"Kyleigh Kerluke\"}','2017-04-28 04:48:38','2020-02-29 13:01:25'),(86,1,24,'https://dropbox.com/vk/file_blb',16011,'{\"owner\": \"Kameron McDermott\"}','1987-05-21 03:18:08','2020-02-29 13:01:25'),(87,2,97,'https://dropbox.com/vk/file_pki',48435,'{\"owner\": \"Jordi White\"}','2011-06-21 06:44:24','2020-02-29 13:01:25'),(88,2,14,'https://dropbox.com/vk/file_xslt',60402,'{\"owner\": \"Sabryna Wisozk\"}','1977-12-09 13:46:31','2020-02-29 13:01:25'),(89,3,77,'https://dropbox.com/vk/file_dwg',71248,'{\"owner\": \"Keely Kling\"}','1980-06-02 13:04:15','2020-02-29 13:01:25'),(90,1,43,'https://dropbox.com/vk/file_html',94433,'{\"owner\": \"Brandi Kilback\"}','2014-03-25 17:02:08','2020-02-29 13:01:25'),(91,1,84,'https://dropbox.com/vk/file_kar',2635,'{\"owner\": \"Hortense Wintheiser\"}','1987-06-29 00:10:46','2020-02-29 13:01:25'),(92,3,91,'https://dropbox.com/vk/file_tra',8629,'{\"owner\": \"Garrett Abbott\"}','2012-11-30 01:56:38','2020-02-29 13:01:25'),(93,2,2,'https://dropbox.com/vk/file_ecma',35029,'{\"owner\": \"Emmy McGlynn\"}','2008-07-16 04:30:54','2020-02-29 13:01:25'),(94,3,37,'https://dropbox.com/vk/file_ssf',54297,'{\"owner\": \"Grady Jenkins\"}','1986-03-07 17:17:14','2020-02-29 13:01:25'),(95,2,77,'https://dropbox.com/vk/file_odi',73661,'{\"owner\": \"Keely Kling\"}','1971-06-06 21:21:40','2020-02-29 13:01:25'),(96,1,73,'https://dropbox.com/vk/file_fli',98749,'{\"owner\": \"Stanford Effertz\"}','1997-07-06 20:21:23','2020-02-29 13:01:25'),(97,3,33,'https://dropbox.com/vk/file_sfv',2670,'{\"owner\": \"Stephania Kunze\"}','2003-01-19 07:19:19','2020-02-29 13:01:25'),(98,3,47,'https://dropbox.com/vk/file_std',100000,'{\"owner\": \"Mireille Frami\"}','1987-04-27 14:01:51','2020-02-29 13:01:25'),(99,1,36,'https://dropbox.com/vk/file_chm',32108,'{\"owner\": \"Beryl Konopelski\"}','1975-08-29 17:07:26','2020-02-29 13:01:25'),(100,2,40,'https://dropbox.com/vk/file_sxw',15081,'{\"owner\": \"Reginald Dickinson\"}','2014-07-14 08:15:00','2020-02-29 13:01:25'),(101,1,89,'https://dropbox.com/vk/file_lbd',72591,'{\"owner\": \"Corbin Hammes\"}','2017-06-11 09:33:05','2020-02-29 13:01:25'),(102,3,27,'https://dropbox.com/vk/file_xlsb',67718,'{\"owner\": \"Carson Gottlieb\"}','1985-01-10 14:54:19','2020-02-29 13:01:25'),(103,1,67,'https://dropbox.com/vk/file_kpxx',34729,'{\"owner\": \"Alyce Schmidt\"}','2007-06-20 23:03:40','2020-02-29 13:01:25'),(104,3,51,'https://dropbox.com/vk/file_mcurl',24217,'{\"owner\": \"Robbie Littel\"}','1976-02-25 07:42:44','2020-02-29 13:01:25'),(105,2,54,'https://dropbox.com/vk/file_skm',14690,'{\"owner\": \"Lexus Stiedemann\"}','1994-08-01 15:25:49','2020-02-29 13:01:25'),(106,3,19,'https://dropbox.com/vk/file_ftc',10500,'{\"owner\": \"Skylar Blick\"}','1994-05-05 13:36:07','2020-02-29 13:01:25'),(107,1,32,'https://dropbox.com/vk/file_jpm',62295,'{\"owner\": \"Blaze Bahringer\"}','2014-09-30 17:46:24','2020-02-29 13:01:25'),(108,2,2,'https://dropbox.com/vk/file_f4v',25558,'{\"owner\": \"Emmy McGlynn\"}','1990-03-30 23:18:19','2020-02-29 13:01:25'),(109,1,13,'https://dropbox.com/vk/file_xps',76968,'{\"owner\": \"Reese Sauer\"}','1993-05-06 02:46:30','2020-02-29 13:01:25'),(110,3,58,'https://dropbox.com/vk/file_ahead',65525,'{\"owner\": \"Sabryna Murray\"}','2019-06-30 23:05:08','2020-02-29 13:01:25'),(111,1,53,'https://dropbox.com/vk/file_xlsm',7098,'{\"owner\": \"Kaitlyn Balistreri\"}','1989-05-25 21:57:25','2020-02-29 13:01:25'),(112,1,88,'https://dropbox.com/vk/file_vcard',21499,'{\"owner\": \"Adolph Bins\"}','2006-06-21 14:20:02','2020-02-29 13:01:25'),(113,2,83,'https://dropbox.com/vk/file_ipk',69066,'{\"owner\": \"Isaiah Lehner\"}','2011-05-01 16:40:29','2020-02-29 13:01:25'),(114,1,51,'https://dropbox.com/vk/file_vsf',99248,'{\"owner\": \"Robbie Littel\"}','1986-01-28 13:28:50','2020-02-29 13:01:25'),(115,3,4,'https://dropbox.com/vk/file_karbon',8102,'{\"owner\": \"Audra Kuhlman\"}','1986-03-25 13:19:23','2020-02-29 13:01:25'),(116,2,67,'https://dropbox.com/vk/file_ppsx',88909,'{\"owner\": \"Alyce Schmidt\"}','2019-04-28 03:32:26','2020-02-29 13:01:25'),(117,3,21,'https://dropbox.com/vk/file_src',30872,'{\"owner\": \"Hilario Carroll\"}','1998-05-23 08:45:02','2020-02-29 13:01:25'),(118,1,6,'https://dropbox.com/vk/file_xfdf',61917,'{\"owner\": \"Pierre Gislason\"}','1983-07-24 04:30:56','2020-02-29 13:01:25'),(119,2,67,'https://dropbox.com/vk/file_tpt',25954,'{\"owner\": \"Alyce Schmidt\"}','1996-04-05 17:08:40','2020-02-29 13:01:25'),(120,2,14,'https://dropbox.com/vk/file_ris',76225,'{\"owner\": \"Sabryna Wisozk\"}','1978-07-17 02:17:45','2020-02-29 13:01:25'),(121,2,69,'https://dropbox.com/vk/file_xltm',68017,'{\"owner\": \"Krystel Kulas\"}','1983-01-14 14:05:34','2020-02-29 13:01:25'),(122,1,4,'https://dropbox.com/vk/file_kfo',51531,'{\"owner\": \"Audra Kuhlman\"}','2019-08-10 06:11:46','2020-02-29 13:01:25'),(123,3,12,'https://dropbox.com/vk/file_uvvz',53788,'{\"owner\": \"Devon Stracke\"}','2009-01-19 07:25:12','2020-02-29 13:01:25'),(124,2,49,'https://dropbox.com/vk/file_h264',42619,'{\"owner\": \"Curt Moen\"}','1994-01-01 02:00:34','2020-02-29 13:01:25'),(125,3,9,'https://dropbox.com/vk/file_itp',58320,'{\"owner\": \"Javier Altenwerth\"}','1991-01-17 16:07:13','2020-02-29 13:01:25'),(126,1,96,'https://dropbox.com/vk/file_mxl',87394,'{\"owner\": \"Ulises Upton\"}','1994-07-01 10:31:06','2020-02-29 13:01:25'),(127,2,55,'https://dropbox.com/vk/file_crd',17773,'{\"owner\": \"Fae Eichmann\"}','1993-01-15 02:08:02','2020-02-29 13:01:25'),(128,1,84,'https://dropbox.com/vk/file_sxm',50518,'{\"owner\": \"Hortense Wintheiser\"}','2007-03-16 14:33:45','2020-02-29 13:01:25'),(129,3,55,'https://dropbox.com/vk/file_ics',2598,'{\"owner\": \"Fae Eichmann\"}','1978-04-22 06:59:45','2020-02-29 13:01:25'),(130,3,21,'https://dropbox.com/vk/file_oxt',51873,'{\"owner\": \"Hilario Carroll\"}','1982-07-10 13:57:33','2020-02-29 13:01:25'),(131,3,43,'https://dropbox.com/vk/file_ait',29126,'{\"owner\": \"Brandi Kilback\"}','2009-08-02 20:26:59','2020-02-29 13:01:25'),(132,3,48,'https://dropbox.com/vk/file_wmv',31436,'{\"owner\": \"Kane Fadel\"}','2004-05-15 00:16:01','2020-02-29 13:01:25'),(133,3,12,'https://dropbox.com/vk/file_ksp',90152,'{\"owner\": \"Devon Stracke\"}','1971-02-01 10:10:11','2020-02-29 13:01:25'),(134,2,15,'https://dropbox.com/vk/file_msf',12087,'{\"owner\": \"Kendra Doyle\"}','2006-12-27 22:55:09','2020-02-29 13:01:25'),(135,3,38,'https://dropbox.com/vk/file_ktx',16118,'{\"owner\": \"Tabitha Morar\"}','2008-12-29 08:41:31','2020-02-29 13:01:25'),(136,2,46,'https://dropbox.com/vk/file_ifm',71882,'{\"owner\": \"Reuben Gorczany\"}','1981-08-28 05:39:31','2020-02-29 13:01:25'),(137,2,16,'https://dropbox.com/vk/file_pas',26723,'{\"owner\": \"Sabryna Erdman\"}','2003-12-24 02:41:34','2020-02-29 13:01:25'),(138,2,39,'https://dropbox.com/vk/file_sid',41536,'{\"owner\": \"Frankie Raynor\"}','1977-11-09 17:24:23','2020-02-29 13:01:25'),(139,3,47,'https://dropbox.com/vk/file_skp',94250,'{\"owner\": \"Mireille Frami\"}','2006-12-14 04:10:26','2020-02-29 13:01:25'),(140,1,18,'https://dropbox.com/vk/file_gv',54061,'{\"owner\": \"Augusta Luettgen\"}','1984-01-23 10:49:29','2020-02-29 13:01:25'),(141,3,47,'https://dropbox.com/vk/file_kwt',22939,'{\"owner\": \"Mireille Frami\"}','1993-04-10 02:16:46','2020-02-29 13:01:25'),(142,2,83,'https://dropbox.com/vk/file_yang',40158,'{\"owner\": \"Isaiah Lehner\"}','2007-04-05 00:18:42','2020-02-29 13:01:25'),(143,3,72,'https://dropbox.com/vk/file_skd',45818,'{\"owner\": \"Maiya Casper\"}','1977-09-24 07:06:45','2020-02-29 13:01:25'),(144,1,12,'https://dropbox.com/vk/file_sub',46128,'{\"owner\": \"Devon Stracke\"}','2014-07-15 17:20:15','2020-02-29 13:01:25'),(145,2,42,'https://dropbox.com/vk/file_jpgv',58193,'{\"owner\": \"Avery O\'Conner\"}','1975-12-21 01:17:16','2020-02-29 13:01:25'),(146,2,74,'https://dropbox.com/vk/file_3gp',4439,'{\"owner\": \"Gracie O\'Kon\"}','1981-11-27 11:18:12','2020-02-29 13:01:25'),(147,2,43,'https://dropbox.com/vk/file_fig',88698,'{\"owner\": \"Brandi Kilback\"}','1992-04-03 15:07:30','2020-02-29 13:01:25'),(148,3,91,'https://dropbox.com/vk/file_semd',25216,'{\"owner\": \"Garrett Abbott\"}','2013-09-02 15:36:47','2020-02-29 13:01:25'),(149,3,28,'https://dropbox.com/vk/file_h263',76630,'{\"owner\": \"Angelica Stark\"}','1997-07-14 19:53:17','2020-02-29 13:01:25'),(150,3,66,'https://dropbox.com/vk/file_xfdl',43174,'{\"owner\": \"Ezekiel Cole\"}','1990-05-29 01:28:58','2020-02-29 13:01:25');
/*!40000 ALTER TABLE `media` ENABLE KEYS */;
UNLOCK TABLES;

--
-- Table structure for table `media_types`
--

DROP TABLE IF EXISTS `media_types`;
/*!40101 SET @saved_cs_client     = @@character_set_client */;
/*!50503 SET character_set_client = utf8mb4 */;
CREATE TABLE `media_types` (
  `id` int unsigned NOT NULL AUTO_INCREMENT,
  `name` varchar(255) CHARACTER SET utf8 COLLATE utf8_unicode_ci NOT NULL,
  `created_at` datetime DEFAULT CURRENT_TIMESTAMP,
  PRIMARY KEY (`id`),
  UNIQUE KEY `name` (`name`)
) ENGINE=InnoDB AUTO_INCREMENT=4 DEFAULT CHARSET=utf8 COLLATE=utf8_unicode_ci;
/*!40101 SET character_set_client = @saved_cs_client */;

--
-- Dumping data for table `media_types`
--

LOCK TABLES `media_types` WRITE;
/*!40000 ALTER TABLE `media_types` DISABLE KEYS */;
INSERT INTO `media_types` VALUES (1,'photo','2020-02-29 12:56:51'),(2,'video','2020-02-29 12:56:51'),(3,'audio','2020-02-29 12:56:51');
/*!40000 ALTER TABLE `media_types` ENABLE KEYS */;
UNLOCK TABLES;

--
-- Table structure for table `messages`
--

DROP TABLE IF EXISTS `messages`;
/*!40101 SET @saved_cs_client     = @@character_set_client */;
/*!50503 SET character_set_client = utf8mb4 */;
CREATE TABLE `messages` (
  `id` int unsigned NOT NULL AUTO_INCREMENT,
  `from_user_id` int unsigned NOT NULL,
  `to_user_id` int unsigned NOT NULL,
  `body` text CHARACTER SET utf8 COLLATE utf8_unicode_ci NOT NULL,
  `is_important` tinyint(1) DEFAULT NULL,
  `is_delivered` tinyint(1) DEFAULT NULL,
  `created_at` datetime DEFAULT CURRENT_TIMESTAMP,
  `read_at` datetime DEFAULT CURRENT_TIMESTAMP ON UPDATE CURRENT_TIMESTAMP,
  `edited_at` datetime DEFAULT CURRENT_TIMESTAMP ON UPDATE CURRENT_TIMESTAMP,
  PRIMARY KEY (`id`)
) ENGINE=InnoDB AUTO_INCREMENT=151 DEFAULT CHARSET=utf8 COLLATE=utf8_unicode_ci;
/*!40101 SET character_set_client = @saved_cs_client */;

--
-- Dumping data for table `messages`
--

LOCK TABLES `messages` WRITE;
/*!40000 ALTER TABLE `messages` DISABLE KEYS */;
INSERT INTO `messages` VALUES (1,67,33,'Mollitia et ipsa sint sint iure. Et repudiandae consectetur aut. Et et ut similique ut.',1,0,'2012-03-28 00:04:26','2020-02-29 15:47:47','2020-02-29 15:47:47'),(2,25,13,'Eos et ut praesentium repellat voluptatem et. Sit modi suscipit voluptatem ut rerum saepe esse. Repudiandae quos asperiores eligendi doloribus est corporis.',1,0,'1983-12-04 02:49:21','2020-02-29 15:47:47','2020-02-29 15:47:47'),(3,47,98,'Veritatis sequi error delectus. Illum tempore qui et vitae.',1,1,'1999-01-24 06:56:44','2020-02-29 15:47:47','2020-02-29 15:47:47'),(4,10,37,'Consequuntur itaque autem labore ullam. Earum odit laudantium vel minima deleniti non. Fugiat maxime eum et minus. Iusto et atque consequatur dolore.',1,1,'1988-02-28 07:09:23','2020-02-29 15:46:33','2020-02-29 15:46:33'),(5,47,63,'Harum modi sequi libero soluta sunt voluptatem. Ullam quia dicta reprehenderit. Blanditiis unde officiis exercitationem aliquam asperiores eius. Vel aut officiis pariatur qui voluptatem sint.',0,1,'1995-05-18 03:51:00','2020-02-29 15:46:33','2020-02-29 15:46:33'),(6,58,68,'Praesentium rerum sequi voluptas eaque sapiente et asperiores. Sed dolor est at blanditiis. Ut molestias laborum ratione et. Enim eos sed officia ut accusamus. Nostrum et aut quia consectetur.',1,1,'1970-07-05 13:58:50','2020-02-29 15:47:47','2020-02-29 15:47:47'),(7,4,55,'Repellat laboriosam voluptas autem ipsam id. Error omnis omnis unde ipsam vero accusantium. Voluptate quae in minus voluptatem sit id eum. Nam ipsa earum sunt voluptatem.',0,1,'2016-08-14 05:49:33','2020-02-29 15:46:33','2020-02-29 15:46:33'),(8,55,69,'Nemo voluptas beatae quos veritatis at. Delectus aut dolores suscipit pariatur aliquam. Ut atque et sunt quaerat accusantium.',1,0,'2014-11-12 02:07:59','2020-02-29 15:46:33','2020-02-29 15:46:33'),(9,96,17,'Natus corrupti sint id ut aut labore cum odit. Assumenda sint repellat id. Nihil eum sed voluptatem et alias.\nEt atque veniam culpa non accusantium qui autem molestiae. Sunt molestias sint sunt.',0,0,'2014-03-08 07:28:07','2020-02-29 15:46:33','2020-02-29 15:46:33'),(10,35,17,'Sed quis dignissimos consequuntur consequatur minus. Cumque hic quis quo et et enim voluptas. Velit eum temporibus sint.',1,1,'1992-09-16 09:46:05','2020-02-29 15:46:33','2020-02-29 15:46:33'),(11,68,53,'Vitae magni rerum velit id nam ipsa labore. Omnis molestiae qui velit sed occaecati vitae dolores minus.',1,0,'1974-03-03 13:42:31','2020-02-29 15:47:47','2020-02-29 15:47:47'),(12,80,16,'In pariatur blanditiis et officia ad nihil. Nesciunt nostrum quasi aut tenetur. Voluptatum consectetur praesentium nobis consequatur rem ut. Dolor at quo aspernatur sit a enim.',0,0,'1975-12-13 11:02:24','2020-02-29 15:47:47','2020-02-29 15:47:47'),(13,89,81,'Sit qui molestiae ratione excepturi delectus amet consectetur. Iusto natus velit omnis suscipit ea et. Asperiores doloribus nemo nihil quas.',1,1,'2019-06-17 18:15:41','2020-02-29 15:46:33','2020-02-29 15:46:33'),(14,71,85,'Dignissimos laboriosam aliquid repudiandae optio qui. Architecto omnis sit nesciunt nostrum quam incidunt. Est ut placeat ut ex et. Sint cupiditate tempore aut et.',0,0,'1994-06-19 03:27:31','2020-02-29 15:47:47','2020-02-29 15:47:47'),(15,69,41,'Recusandae aut quae deserunt deleniti nulla. Unde adipisci adipisci suscipit eum et quos. Sint quisquam sed voluptatem cupiditate recusandae. Ut nulla recusandae rerum quam voluptatem.',0,0,'1971-04-18 01:02:02','1979-02-09 09:05:58','2002-02-23 10:34:44'),(16,57,61,'Autem vero sed distinctio. Aut nemo iure est placeat. Quis quos corporis quaerat et sit facere impedit.',0,0,'1976-06-25 17:43:56','2020-02-29 15:47:47','2020-02-29 15:47:47'),(17,31,81,'Voluptate rerum molestias fugit animi dolores animi quia quidem. Veritatis ut voluptatem facere perferendis sunt suscipit. Non et et iste itaque ducimus. Et atque sint eos.',1,1,'1992-02-13 15:02:58','1999-03-08 22:47:44','2009-07-13 07:05:29'),(18,67,49,'Magni quia aut est ipsum error fugit animi aut. Consectetur laudantium et quam aspernatur officiis. Molestiae suscipit omnis aliquam nihil voluptatibus ad sint.',1,0,'1979-09-30 11:56:45','2020-02-29 15:47:47','2020-02-29 15:47:47'),(19,53,14,'Delectus nobis quod dignissimos quaerat ut. Accusantium qui a quisquam. Rerum odit repudiandae dicta earum ea culpa. Accusantium sed quia enim.',0,0,'2010-01-04 12:48:59','2020-02-29 15:46:33','2020-02-29 15:46:33'),(20,16,92,'Non maiores cupiditate quia id atque. Harum ut harum vel ipsam enim accusantium eum. Vero placeat nihil voluptate at ratione ab ut ut. Occaecati eveniet quam quibusdam reprehenderit pariatur.',0,1,'1974-11-19 16:33:08','2020-02-29 15:47:47','2020-02-29 15:47:47'),(21,98,20,'Libero explicabo dolorem deserunt. Voluptatem possimus id dignissimos alias nulla aut quas quos. Officia quae adipisci vitae optio facere maxime.',0,0,'2006-04-30 09:24:21','2020-02-29 15:46:33','2020-02-29 15:46:33'),(22,33,83,'Nobis illo tempora qui adipisci quod deserunt. Autem maxime cum temporibus blanditiis. Soluta quia harum dicta reiciendis autem et. Nemo et et tempore qui molestiae illo consequatur.',1,1,'2018-05-14 16:30:52','2020-02-29 15:46:33','2020-02-29 15:46:33'),(23,76,2,'Consequuntur illo ut qui est nesciunt ea. Harum suscipit facilis nam rem. In culpa ipsam qui ut et sed. Veniam qui commodi maiores corporis doloremque.',0,1,'2017-05-04 15:15:54','2020-02-29 15:46:33','2020-02-29 15:46:33'),(24,8,41,'Inventore earum excepturi autem qui. Voluptas aliquid dicta omnis laborum. Blanditiis repellendus tenetur fugit officia similique commodi dicta. Et minima omnis ut totam distinctio est.',1,1,'2010-05-14 11:34:12','2020-02-29 15:46:33','2020-02-29 15:46:33'),(25,62,75,'Laborum et eum esse quia odio. Quod qui quae commodi et voluptatem rerum tenetur. In quas ut mollitia. Minus cupiditate assumenda est ea cupiditate consectetur.',1,1,'2000-07-20 07:14:53','2020-02-29 15:47:47','2020-02-29 15:47:47'),(26,5,21,'Voluptate est iure velit sit et aliquid sunt. Soluta aspernatur et ut consequatur hic natus. Enim ut aspernatur rerum velit nihil eos.',1,1,'1997-06-07 07:53:03','2020-02-29 15:47:47','2020-02-29 15:47:47'),(27,1,50,'Qui provident eveniet sit magni dolore esse deserunt unde. Aut illum voluptate et officiis. Neque deleniti optio quam autem.',0,0,'2015-10-22 17:17:55','2020-02-29 15:46:33','2020-02-29 15:46:33'),(28,36,69,'Ducimus qui illo debitis sequi odit. Tempora nam officia ipsam numquam possimus ea.\nEsse consequatur ratione pariatur doloremque. Omnis enim alias sint fugit quaerat.',1,1,'2000-06-30 02:32:34','2020-02-29 15:46:33','2020-02-29 15:46:33'),(29,35,50,'Rerum molestias corrupti doloribus nihil. Dolor esse quia nemo fuga quidem repellendus. Et deleniti autem ratione. Magnam laudantium odit molestias nihil eius.',1,1,'1973-07-16 13:19:15','1973-12-25 20:24:39','2009-05-25 17:58:00'),(30,39,83,'Odit voluptas voluptatibus earum vero. Magni aut veritatis libero repellendus voluptatem iste nesciunt. Incidunt neque nihil sapiente consequatur quo quaerat.',0,1,'1993-06-03 05:20:23','2020-02-29 15:47:47','2020-02-29 15:47:47'),(31,30,60,'Incidunt deserunt sunt nesciunt voluptate enim ullam. Ducimus nihil facere iusto saepe possimus sit et. Eos et rerum quae. Enim qui dolorem molestias voluptatem nemo sed.',1,0,'1987-05-21 06:58:07','2020-02-29 15:47:47','2020-02-29 15:47:47'),(32,37,67,'Sunt omnis repellat animi ut. Et consequatur amet beatae aut.\nAsperiores ut laboriosam atque facere ducimus repellat saepe esse. Animi quae officia consequatur nemo sunt.',0,0,'2016-12-01 06:12:17','2020-02-29 15:46:33','2020-02-29 15:46:33'),(33,87,91,'Ratione repellat impedit aut dolorum illo. Dolor ut amet ullam quia saepe. Ipsam odit dolores minus. Vel consequatur quae maiores placeat.',1,0,'2007-12-25 22:20:38','2020-02-29 15:47:47','2020-02-29 15:47:47'),(34,40,62,'Rerum non eum ab eos blanditiis autem vel sed. Omnis aliquid perferendis atque aut. Consectetur minima at voluptas repudiandae libero eum dolorum voluptatem. Debitis aut voluptatibus quia mollitia.',0,0,'2010-09-28 03:26:02','2020-02-29 15:46:33','2020-02-29 15:46:33'),(35,83,31,'Et voluptatem et quod qui. Iure numquam dolores consequatur non dolor. Ut amet eius qui exercitationem natus nemo. Est consequatur sapiente aut illum. Aspernatur ipsa omnis eligendi occaecati magnam.',1,0,'1981-04-11 02:07:39','2020-02-29 15:46:33','2020-02-29 15:46:33'),(36,62,4,'Nihil blanditiis exercitationem facilis quis. Et optio et blanditiis quibusdam sequi. Nemo iure perferendis eos natus ut et qui.',0,1,'1985-01-20 14:03:40','2020-02-29 15:47:47','2020-02-29 15:47:47'),(37,33,74,'Est natus aut et atque nesciunt. Commodi cum nihil facilis officiis omnis nostrum iure molestias. Ab magnam est incidunt molestias ex. Nihil iste voluptas laborum iusto est nesciunt.',0,0,'1970-09-02 04:29:03','1977-10-29 16:07:31','1985-11-10 09:22:35'),(38,26,53,'Sunt sit asperiores modi debitis debitis ad in. Sunt hic aut saepe quisquam expedita aut. Nesciunt a vel laboriosam repellat quas.',1,1,'1973-02-12 22:33:19','1973-11-10 01:07:21','2001-01-07 12:53:05'),(39,29,39,'Reiciendis est molestias dignissimos omnis sunt sequi consectetur. Tempora voluptate iusto et dolorem voluptatum. Tenetur ut ut quia repellendus fugiat quo voluptas eveniet.',1,1,'2002-07-20 16:00:02','2020-02-29 15:46:33','2020-02-29 15:46:33'),(40,18,44,'Ea dicta rerum voluptatum ratione a nostrum sapiente. Nemo ut enim sit voluptas. Soluta nulla dolorem voluptatibus molestias. Quasi laudantium quibusdam repellendus quo reprehenderit odio.',0,1,'1992-04-22 17:07:05','2020-02-29 15:47:47','2020-02-29 15:47:47'),(41,84,89,'Iure et et minima sunt laudantium assumenda nobis. Harum nihil neque blanditiis nostrum. Et velit et in voluptate. Ut sit dolorem cupiditate voluptas est magni numquam.',1,1,'2009-11-12 23:07:41','2020-02-29 15:46:33','2020-02-29 15:46:33'),(42,79,63,'In quia rerum deleniti aliquid officia sit. Eius eligendi modi unde sit. Asperiores velit quia sint pariatur.',0,1,'2014-03-29 09:12:44','2020-02-29 15:46:33','2020-02-29 15:46:33'),(43,85,69,'Facere atque necessitatibus sed rerum nobis illo. Omnis totam dolorem omnis voluptatem sint. Architecto dolorem nesciunt necessitatibus quam quis officiis sed. Quod culpa quaerat quaerat architecto.',1,0,'1991-02-15 03:06:25','2020-02-29 15:46:33','2020-02-29 15:46:33'),(44,27,83,'Distinctio quia et eaque ea qui omnis totam. Culpa maxime aut ut corporis labore et aperiam. Quia atque adipisci nobis.',1,1,'2012-06-11 22:59:43','2020-02-29 15:46:33','2020-02-29 15:46:33'),(45,11,56,'Amet qui vel ut necessitatibus et sequi autem recusandae. Illum pariatur voluptas cum qui aut hic et. Et amet alias modi minima et placeat sit asperiores. Qui et ea autem et quas vel.',0,1,'1995-09-06 00:09:19','2020-02-29 15:47:47','2020-02-29 15:47:47'),(46,50,40,'Pariatur dolores sed inventore magnam ut sunt qui quo. Labore nesciunt consequatur nostrum suscipit quaerat. Labore quibusdam hic labore dolorem non ut similique.',1,0,'1982-02-12 06:30:41','2020-02-29 15:47:47','2020-02-29 15:47:47'),(47,51,95,'Et veniam omnis commodi. Quia est mollitia adipisci. Ex aspernatur corporis facilis sint ut non est modi. Molestiae omnis voluptatem nihil ut possimus nam natus.',1,1,'2016-03-03 21:50:16','2020-02-29 15:46:33','2020-02-29 15:46:33'),(48,24,83,'Quia veritatis vero nihil omnis quia. Quia reiciendis error itaque expedita voluptatibus vero. Dolor dignissimos exercitationem eos odit est sit perferendis.',1,0,'1971-11-07 09:46:07','1979-12-23 01:33:29','2000-10-22 12:30:11'),(49,97,62,'Molestias qui vitae et. Consequatur voluptatibus id eius ipsum et aut rerum. Similique quae harum eveniet.',0,1,'2003-05-11 22:44:45','2020-02-29 15:46:33','2020-02-29 15:46:33'),(50,52,90,'Non incidunt repudiandae non iste quibusdam et voluptas aut. Dolores mollitia eos unde praesentium hic ea aspernatur minima. Dolorem cum voluptas et ipsa inventore ipsum qui.',0,0,'1998-04-12 11:22:20','2020-02-29 15:47:47','2020-02-29 15:47:47'),(51,46,62,'Quos voluptas voluptatem ea. Dolores soluta iusto odio et doloribus. Quis dolores consequatur saepe architecto.',0,0,'2013-04-13 08:36:59','2020-02-29 15:46:33','2020-02-29 15:46:33'),(52,66,33,'At quam dolores dolores quia cumque ut sed. Harum unde placeat quod sed a ex. Repudiandae et accusamus sed deleniti harum in. Quos voluptatem est tempora id animi.',0,1,'1980-11-01 14:51:48','2020-02-29 15:47:47','2020-02-29 15:47:47'),(53,43,21,'Expedita cupiditate quo et. Sint quos cupiditate ea suscipit. Rerum est voluptatem molestiae consequuntur. Dicta est architecto pariatur tempora.',1,1,'1980-11-16 05:44:24','2020-02-29 15:46:33','2020-02-29 15:46:33'),(54,77,92,'Laborum ea omnis sunt commodi aliquid eum ad. Quod et et veniam dolorem iste rerum. Sed saepe molestiae ullam cumque rem consectetur.',1,1,'1990-07-03 16:29:43','2020-02-29 15:46:33','2020-02-29 15:46:33'),(55,72,24,'Consequuntur culpa quam aspernatur tempora fugiat laboriosam voluptas. Enim et et ut eum asperiores quod vitae non. Sed culpa consequatur placeat dolores est iusto impedit omnis.',0,1,'1971-03-30 06:26:56','2020-02-29 15:47:47','2020-02-29 15:47:47'),(56,52,40,'Quia ipsum expedita dolor explicabo. Sequi vero sint alias est et quis. Vel explicabo officia sequi quos similique.\nEnim iste commodi necessitatibus. Sed neque ipsa aliquam ab nisi error.',1,0,'2007-12-24 00:00:03','2020-02-29 15:47:47','2020-02-29 15:47:47'),(57,45,73,'Eum quia veniam repellat tempora non recusandae. Commodi dolores earum est eaque repudiandae non. Aliquam facilis quia veritatis voluptatem ad dolores.',0,1,'1983-08-15 08:28:23','2020-02-29 15:47:47','2020-02-29 15:47:47'),(58,36,9,'Sed perspiciatis fugiat facilis. Nesciunt ipsum consequatur voluptatem et qui a excepturi. Voluptatem deserunt et adipisci quas. Quo rerum ut adipisci.',1,0,'2006-10-05 08:53:12','2020-02-29 15:46:33','2020-02-29 15:46:33'),(59,6,63,'Est et ea voluptatibus architecto incidunt eligendi laborum. Quidem impedit reprehenderit nostrum omnis ab. Tempora fugit sint exercitationem optio et tenetur.',1,0,'1987-02-01 18:34:04','2020-02-29 15:47:47','2020-02-29 15:47:47'),(60,5,16,'Qui eos in occaecati sapiente et molestiae voluptatem. Similique necessitatibus nam maxime maxime velit. Quia voluptas et ipsum harum quasi rerum eius.',1,0,'2005-11-26 14:39:43','2020-02-29 15:46:33','2020-02-29 15:46:33'),(61,74,59,'Eius odio aut vero qui culpa. Temporibus aperiam expedita maxime nobis vel praesentium. Similique dolorem eum voluptatibus quo a est.',1,0,'1987-05-31 07:26:45','2020-02-29 15:47:47','2020-02-29 15:47:47'),(62,29,76,'Nemo debitis iusto ex dolore doloribus repellendus voluptas. Voluptas est veritatis perferendis consequatur molestias possimus enim. Ut a exercitationem labore eveniet.',0,1,'2008-04-03 03:35:58','2020-02-29 15:46:33','2020-02-29 15:46:33'),(63,35,60,'Ad impedit nihil non voluptas magnam in enim consequatur. Optio qui optio aliquam perferendis ab. Doloremque sunt perspiciatis et animi sed.',0,1,'1992-06-23 15:55:41','2020-02-29 15:46:33','2020-02-29 15:46:33'),(64,69,2,'Quia alias unde sint quia. Reprehenderit aut possimus at pariatur voluptatum aut. Esse maxime molestiae aliquam. Omnis eligendi quidem suscipit sed dolor.',1,0,'1993-08-09 16:14:25','2020-02-29 15:47:47','2020-02-29 15:47:47'),(65,24,31,'Eos eveniet ea modi nemo blanditiis. Aut qui delectus ipsum provident ut velit et. Repellat eum enim optio.',0,0,'1990-04-11 01:13:32','2020-02-29 15:47:47','2020-02-29 15:47:47'),(66,2,88,'Ut eum esse numquam enim est vel soluta. Illo sapiente libero nihil sapiente dolorem quae. Asperiores voluptatem odit et nisi autem consequatur. Animi et nemo sint odio nemo eius.',0,1,'2019-07-23 16:41:31','2020-02-29 15:46:33','2020-02-29 15:46:33'),(67,54,97,'Numquam et reprehenderit occaecati voluptatem illum ipsam. Impedit vel sed officiis quia eveniet qui laboriosam. Eos voluptates amet quibusdam repellat molestiae et repellat quod.',0,1,'2009-07-09 21:36:34','2020-02-29 15:46:33','2020-02-29 15:46:33'),(68,47,63,'Maiores fugit harum quae. Repellat est eum facere autem quas voluptate. Ex et possimus iste expedita voluptatem vel rerum.',0,1,'2017-06-14 23:12:28','2020-02-29 15:46:33','2020-02-29 15:46:33'),(69,14,73,'Ad distinctio laudantium voluptatem repudiandae error sapiente a. Corporis dolorem et repudiandae non sunt eveniet rerum.',1,1,'2012-05-22 08:33:59','2020-02-29 15:46:33','2020-02-29 15:46:33'),(70,47,85,'Dolore facilis eveniet ad a deleniti culpa et. Delectus qui eligendi ut. Aut dolorem sequi accusamus fugiat et reiciendis excepturi. Vel eligendi magnam cupiditate consequatur aut.',1,1,'1975-07-15 18:48:27','2020-02-29 15:47:47','2020-02-29 15:47:47'),(71,92,76,'Non quia dolores itaque id saepe. Quia ut distinctio tempore molestiae atque nobis. Aspernatur illum provident necessitatibus quisquam commodi ullam aut. Odit pariatur quis at.',1,0,'1973-12-07 17:59:32','2020-02-29 15:47:47','2020-02-29 15:47:47'),(72,80,12,'Dolores ut eaque molestias nam non accusamus ut. Mollitia impedit consequatur voluptas similique praesentium. Totam ea explicabo id et adipisci totam.',0,1,'2006-09-08 21:20:46','2020-02-29 15:46:33','2020-02-29 15:46:33'),(73,57,16,'Necessitatibus et culpa consequatur eveniet id aspernatur. Accusamus ipsa alias ad distinctio sapiente eligendi. Ratione accusantium qui ipsam omnis expedita.',0,1,'1972-11-01 07:12:20','1989-05-23 21:17:55','1991-04-30 06:48:39'),(74,64,39,'Ea rem inventore assumenda cum. Tenetur reprehenderit asperiores aut possimus atque sint. Minus est et ducimus ad aut. Molestiae ut sit id.',1,1,'1991-06-27 08:30:09','1993-12-08 06:40:07','2009-02-19 20:50:05'),(75,71,59,'Voluptate exercitationem dignissimos accusantium et porro odio facilis. Reprehenderit quasi repellat quaerat minus et ea ipsa. Qui et eligendi accusantium repellat quidem.',1,0,'1971-09-12 05:00:01','1998-01-20 10:40:36','2011-12-30 18:18:38'),(76,56,25,'Perferendis adipisci velit libero sed. Sapiente maiores tempore possimus a aut tempore totam.',0,0,'1983-05-30 01:43:14','2020-02-29 15:47:47','2020-02-29 15:47:47'),(77,43,62,'In vero veniam enim aut culpa consequatur rem. Occaecati officiis consequatur numquam nam suscipit. Repellat est quo aut et.',1,0,'1989-08-10 21:24:39','2020-02-29 15:47:47','2020-02-29 15:47:47'),(78,66,70,'Inventore voluptatum quia similique recusandae eos officiis. Iure tenetur repudiandae rem aut voluptatem et qui. Commodi excepturi doloribus dolores in officia saepe.',0,0,'1984-10-14 13:37:11','2020-02-29 15:47:47','2020-02-29 15:47:47'),(79,63,68,'Consectetur id et possimus non molestiae tenetur sed. Ipsum vero sed sit vitae. Tempore architecto nobis et ut.\nNeque fuga sint eveniet. Vel vel deleniti dolor. Ut odit ut quisquam recusandae in.',1,1,'1982-01-03 21:42:42','2020-02-29 15:46:33','2020-02-29 15:46:33'),(80,65,82,'Sapiente blanditiis cum unde odio. Et voluptate natus et earum. Provident necessitatibus numquam ut animi reiciendis. Sint necessitatibus tempora est molestias molestiae.',0,0,'1977-12-01 13:37:40','2020-02-29 15:47:47','2020-02-29 15:47:47'),(81,42,41,'Et est dolorum magnam consequuntur. Vitae laboriosam maxime quisquam consectetur. Ut enim maxime iste est voluptates.',0,0,'1991-02-22 14:18:08','2020-02-29 15:46:33','2020-02-29 15:46:33'),(82,21,96,'Explicabo ipsa nostrum quia laudantium saepe sed rerum. Quis qui voluptatem nemo nemo laborum neque. Accusamus natus non repellat qui dolorem reiciendis.',1,1,'2015-05-14 08:25:27','2020-02-29 15:46:33','2020-02-29 15:46:33'),(83,28,67,'Corporis velit ducimus eligendi est accusantium voluptatum. Ipsam magni vitae ut commodi laborum. Soluta praesentium ratione exercitationem.',0,0,'2005-11-13 15:41:00','2020-02-29 15:47:47','2020-02-29 15:47:47'),(84,12,89,'Ab soluta pariatur totam. Non officia quis odit dolor quia. At modi ea soluta maiores. Rerum voluptates et quod quis sit temporibus molestiae.',1,0,'1995-10-14 15:29:31','2020-02-29 15:46:33','2020-02-29 15:46:33'),(85,73,46,'Provident tempora saepe est nobis mollitia. Quisquam consequatur esse est enim. In aut nam doloribus non commodi nihil tenetur.',0,0,'2018-03-19 12:03:50','2020-02-29 15:46:33','2020-02-29 15:46:33'),(86,83,68,'Nihil eos numquam et repellendus quia. Qui necessitatibus itaque repellendus odio voluptatum quam sed commodi. Voluptatem illo voluptatem ea ut dolorum occaecati.',0,1,'1996-07-21 13:20:10','2020-02-29 15:46:33','2020-02-29 15:46:33'),(87,49,20,'Molestiae et tempora ipsam. Consequatur voluptates voluptatum quaerat dolores quae. Vitae nostrum vero sed rerum. Ducimus aut est quis aspernatur quia.',1,0,'2003-12-15 07:12:12','2020-02-29 15:46:33','2020-02-29 15:46:33'),(88,61,20,'Ut voluptatem voluptas impedit quisquam ducimus laboriosam. Occaecati eveniet quo vero officiis ea. Sint corporis dicta itaque cumque.',0,0,'1982-03-27 07:20:06','2020-02-29 15:46:33','2020-02-29 15:46:33'),(89,91,81,'Error dolorem qui in temporibus blanditiis assumenda. Rerum voluptates inventore dolorum est ipsa similique quasi. Ut alias porro nulla dignissimos.',1,0,'1972-06-15 13:53:11','1981-12-20 06:58:50','1989-12-12 23:36:37'),(90,11,95,'Consequuntur quidem officia eveniet in neque ut soluta. Rerum nisi eius soluta voluptatem nihil. Ipsam inventore cum excepturi mollitia labore dolore vero ipsam.',1,0,'2012-05-28 15:50:33','2020-02-29 15:46:33','2020-02-29 15:46:33'),(91,14,33,'Repudiandae veniam enim eveniet ea non similique. Voluptas voluptatem tenetur hic totam ex error sed hic. Temporibus non nesciunt id. Quidem consequatur quasi esse sapiente.',1,1,'1991-08-25 08:50:39','2020-02-29 15:47:47','2020-02-29 15:47:47'),(92,59,13,'Ut ut temporibus quia ea. Quidem et facere autem odio suscipit dolorem. Labore quasi voluptates cupiditate quibusdam commodi voluptates.',0,1,'1983-10-21 01:05:24','2020-02-29 15:47:47','2020-02-29 15:47:47'),(93,36,13,'Molestias in nihil voluptas culpa architecto. Aut harum repellat sit qui expedita doloremque. Culpa magnam quia eligendi et.',1,0,'1992-10-27 08:32:15','2020-02-29 15:47:47','2020-02-29 15:47:47'),(94,93,71,'Consectetur sapiente quaerat recusandae mollitia. Aperiam molestiae non aut ullam corrupti atque quia. Ea exercitationem ullam fugit voluptatem optio est. Qui accusamus voluptates non non.',0,1,'1978-03-01 17:46:45','2020-02-29 15:47:47','2020-02-29 15:47:47'),(95,4,86,'Id in voluptas est assumenda molestias rerum. Non dolores veritatis aut officia. Facere qui perferendis distinctio omnis.',0,1,'1982-01-26 13:08:28','2015-07-09 18:48:34','2018-02-10 02:58:07'),(96,21,89,'Quo perferendis aut ullam voluptatibus reiciendis sed. Eligendi est est quae ea. Similique iusto ullam quidem atque occaecati laudantium dolores. Officiis facere non sint.',1,0,'1998-08-27 23:25:32','2020-02-29 15:46:33','2020-02-29 15:46:33'),(97,82,2,'Est ut dignissimos et eveniet placeat tenetur rerum. Aliquid neque eos veniam omnis nulla facilis. Rerum ea fugiat minima odio officiis at.',0,1,'1989-10-04 08:33:30','2020-02-29 15:46:33','2020-02-29 15:46:33'),(98,76,29,'Non cum autem quo excepturi debitis. Soluta ea nisi et rerum quia rerum hic qui. Cupiditate eos non quis sint. Illo eligendi aut odit earum.',0,0,'2005-09-09 03:31:25','2020-02-29 15:46:33','2020-02-29 15:46:33'),(99,53,100,'Placeat ea voluptas sed eaque nemo qui voluptatem. Soluta explicabo inventore quia id est nobis. Laudantium voluptas sed amet. Itaque sit fuga quaerat consequatur.',0,1,'1992-06-28 07:50:37','2020-02-29 15:46:33','2020-02-29 15:46:33'),(100,63,11,'Sed saepe corporis eos commodi dolorem ut. Tempora dolores tenetur asperiores odit tenetur. Est quibusdam cupiditate quos corrupti optio est rem.',0,0,'2012-02-22 13:37:58','2020-02-29 15:46:33','2020-02-29 15:46:33'),(101,75,56,'Minima numquam ut eaque ut dolores impedit natus consequatur. Sed ad sed voluptas debitis saepe enim ipsum. Delectus quia temporibus amet et.',0,0,'2018-02-15 14:07:36','2020-02-29 15:46:33','2020-02-29 15:46:33'),(102,47,83,'Est qui et aperiam perspiciatis. Aut nobis quis voluptas. Quae esse ea quos excepturi neque.',0,1,'2009-03-31 12:35:48','2020-02-29 15:46:33','2020-02-29 15:46:33'),(103,6,83,'Animi impedit voluptatem fugiat distinctio est provident. Molestiae aperiam ut voluptatem nihil. Assumenda suscipit sed architecto. Recusandae ab minima at consequatur fugit reiciendis aut.',0,1,'2001-05-28 17:49:34','2020-02-29 15:46:33','2020-02-29 15:46:33'),(104,88,73,'Veniam nihil cumque natus earum quae. Et possimus itaque nihil reiciendis quia consequatur. Voluptas minus dolor ex ut ut. Dolor quam id alias esse minus commodi voluptate rerum.',0,1,'2016-08-26 14:29:24','2020-02-29 15:46:33','2020-02-29 15:46:33'),(105,18,25,'Voluptate dolor quia non illo et amet. Dolor magni odit quas eligendi ea placeat veniam laborum. Magni facere fugiat illo nihil quia. Ex odio et nihil. Natus officiis repudiandae est quod in.',0,0,'1988-12-12 04:09:47','2020-02-29 15:47:47','2020-02-29 15:47:47'),(106,86,13,'Omnis quo ut ipsa molestiae quod nulla culpa beatae. Voluptas iure quidem facere.',1,1,'2013-11-09 17:47:09','2020-02-29 15:46:33','2020-02-29 15:46:33'),(107,55,93,'Ipsa deleniti corrupti ut qui ut magni rerum. Et qui reiciendis veritatis id earum nisi possimus. Atque consectetur ut accusantium et quae est at. Fugit quas ab ut quis corrupti sit.',0,1,'2000-07-09 03:17:57','2020-02-29 15:47:47','2020-02-29 15:47:47'),(108,68,89,'Velit explicabo accusantium repudiandae qui. Impedit natus rerum optio. Fuga excepturi laboriosam perferendis voluptatem facere enim rem fugit.',0,1,'2014-09-13 00:42:24','2020-02-29 15:46:33','2020-02-29 15:46:33'),(109,42,65,'In voluptas laborum sint totam aut sunt magni. Cumque mollitia dolorem perspiciatis quos. Voluptatem cum sapiente unde in sed.',1,1,'2000-07-08 13:06:48','2020-02-29 15:46:33','2020-02-29 15:46:33'),(110,92,100,'Harum suscipit aut molestias sint dolorem. Odio esse consequatur placeat veritatis id tenetur aut voluptatem. Rem nisi consequatur aut.',0,0,'1994-07-25 19:39:48','2020-02-29 15:47:47','2020-02-29 15:47:47'),(111,82,16,'Nostrum quas deleniti autem qui aut. Et ut non id sit. Alias quod voluptatem libero ipsa delectus.\nPorro iusto voluptatibus iste culpa omnis a asperiores est. Alias et reprehenderit labore.',0,0,'1998-05-25 08:01:10','2020-02-29 15:46:33','2020-02-29 15:46:33'),(112,20,37,'Nostrum aut debitis odio in voluptatum. Enim optio veniam similique cupiditate vitae. Nihil reiciendis tempora illo minima ut dolorum neque. Cum rerum nihil quo dolor beatae quae et.',0,0,'2015-06-23 07:09:24','2020-02-29 15:46:33','2020-02-29 15:46:33'),(113,68,78,'Possimus et id sit porro. Voluptates iste rerum nihil adipisci repudiandae aliquam in. Quis eius porro ut sit. Facere doloribus eius numquam omnis architecto saepe.',1,0,'1974-12-29 09:51:18','2020-02-29 15:47:47','2020-02-29 15:47:47'),(114,45,52,'Totam alias aliquam est blanditiis perspiciatis molestiae. Et rerum omnis cum libero adipisci. Qui ipsum doloribus quasi officia ea. Incidunt maiores ratione eaque accusamus.',1,1,'2001-08-06 11:43:33','2020-02-29 15:46:33','2020-02-29 15:46:33'),(115,74,64,'Voluptas eligendi enim rerum qui tempora. Voluptatem libero vel eum ut. Maxime praesentium labore quia nulla.',1,0,'1975-07-04 23:24:38','1986-11-16 20:10:08','1995-07-24 23:20:29'),(116,10,77,'Porro velit ipsa doloribus quo quaerat. Et ea minus odit ut. Ut consequatur quas quae illo placeat. Voluptatem distinctio ut velit rerum. Suscipit id quae eveniet.',1,0,'2019-05-12 13:52:09','2020-02-29 15:47:47','2020-02-29 15:47:47'),(117,92,99,'Quod minima aut corporis repellendus accusamus beatae. Quisquam et molestiae aperiam consequatur error. Et reprehenderit qui modi id illo voluptatem.',0,0,'1995-04-08 09:42:57','2020-02-29 15:47:47','2020-02-29 15:47:47'),(118,29,20,'Nihil enim quam maiores et. A quis autem consequatur. Non molestiae qui ut non harum facere.',1,1,'1996-06-21 10:12:07','2020-02-29 15:46:33','2020-02-29 15:46:33'),(119,73,8,'Reiciendis deserunt omnis qui voluptate ea quis ipsam. Excepturi provident quo sint. Similique est fugiat fugiat enim possimus numquam.',1,0,'2006-09-13 13:35:50','2020-02-29 15:46:33','2020-02-29 15:46:33'),(120,28,32,'Est corrupti cum eos. Sit tenetur qui cupiditate debitis debitis. Possimus laboriosam aut in modi molestiae sit. Minus laudantium qui est numquam eius rerum.',1,1,'1993-09-11 05:23:03','2020-02-29 15:46:33','2020-02-29 15:46:33'),(121,90,8,'Ut quis eos qui nobis autem dolorem est. Quia enim ab cumque aut. Dolor distinctio dolorem aliquid aut vel voluptates. Sit magnam ut saepe rem hic sed quis.',1,0,'2004-05-20 04:09:31','2020-02-29 15:47:47','2020-02-29 15:47:47'),(122,76,71,'Velit vel et sit debitis esse. Id et porro mollitia aut. Ipsam assumenda eos enim sed exercitationem.\nAut provident placeat sequi facere quis. Et ullam asperiores velit culpa.',0,1,'1984-05-06 23:35:06','2020-02-29 15:47:47','2020-02-29 15:47:47'),(123,68,73,'Dolores iste vero quod ipsa quia. Facilis velit veniam sapiente et est ea ut. Illo commodi cupiditate porro omnis iure magni error.',0,0,'2016-10-16 12:18:59','2020-02-29 15:46:33','2020-02-29 15:46:33'),(124,63,14,'Facere aliquam nemo asperiores nemo alias. Quibusdam nihil rerum nobis similique quis fugiat est. Quos distinctio illum ratione vel inventore ut. Deleniti et aut hic at non temporibus aliquam.',0,1,'2017-07-18 12:39:46','2020-02-29 15:46:33','2020-02-29 15:46:33'),(125,90,92,'Temporibus eum tenetur dolor numquam. Illum optio aut ratione voluptatum maiores et accusamus. Soluta quasi sunt veniam dolorem.',1,0,'1988-11-05 04:58:13','2020-02-29 15:47:47','2020-02-29 15:47:47'),(126,79,48,'Doloremque aut quam totam voluptatem omnis quis. Optio ex sapiente voluptatem. Et inventore pariatur asperiores sunt mollitia reiciendis aperiam. Quia corporis ut id molestiae.',0,1,'1992-09-12 01:24:38','2020-02-29 15:46:33','2020-02-29 15:46:33'),(127,89,53,'Et perspiciatis qui sint. Voluptas consequatur possimus laborum eos. Non pariatur rerum voluptas amet et eius nisi.',0,1,'2002-09-28 09:08:57','2020-02-29 15:46:33','2020-02-29 15:46:33'),(128,9,35,'Exercitationem et possimus ut et. Et odit et deserunt repellendus ratione iste. Dicta officia molestias et quo.\nAspernatur sunt et consequatur ducimus. Quis ea in rerum.',0,1,'1973-11-11 02:11:25','2020-02-29 15:47:47','2020-02-29 15:47:47'),(129,8,84,'Voluptates error est aperiam eaque. Voluptas qui eius reiciendis at doloribus ut accusantium. Eligendi illo aut est. Aliquam cum dolores porro quia.',0,1,'2000-01-09 17:36:43','2020-02-29 15:46:33','2020-02-29 15:46:33'),(130,10,37,'Ipsum ducimus hic excepturi nam explicabo. Assumenda et incidunt quaerat dolorem eligendi consectetur et et. Accusamus iusto et repudiandae maiores praesentium.',1,0,'1973-01-20 06:16:58','1979-10-01 20:49:57','2016-07-22 19:42:39'),(131,1,40,'Consequatur atque dolores explicabo modi dolorum nisi. Est veritatis enim consequatur nostrum. Aut nemo debitis ut aperiam et. Dicta et dicta soluta iste.',0,0,'1998-02-23 09:11:03','2020-02-29 15:46:33','2020-02-29 15:46:33'),(132,97,65,'Facilis saepe esse ea consequatur deleniti. Laudantium recusandae magnam inventore ut quos nulla. Ea rem labore illum atque sit.',1,1,'2015-01-24 08:12:54','2020-02-29 15:47:47','2020-02-29 15:47:47'),(133,68,8,'Vitae consequuntur inventore quaerat et inventore culpa. Voluptatem quam facilis voluptates aperiam ducimus quia. Eos natus asperiores doloribus voluptate minima fugit.',1,1,'1998-04-25 11:09:50','2020-02-29 15:47:47','2020-02-29 15:47:47'),(134,31,14,'Tenetur similique est quo corporis vitae. Dignissimos minima quia ex eius sit saepe recusandae. Sed aut unde commodi perspiciatis. Asperiores sunt quisquam perspiciatis.',1,1,'1982-04-13 18:56:10','2020-02-29 15:47:47','2020-02-29 15:47:47'),(135,63,94,'Laudantium soluta vel fugit neque est incidunt molestias. Sint incidunt veniam recusandae magni. Commodi doloremque dolor voluptatem magni velit nemo perferendis. Eos mollitia similique vero.',1,0,'1992-12-07 15:07:53','2010-03-26 05:26:01','2010-09-14 19:39:29'),(136,33,12,'Adipisci cumque autem rem ut et itaque. Rem molestias distinctio ad laudantium praesentium animi molestiae. Deleniti dolores quia totam id eveniet et qui.',1,0,'2018-10-16 11:17:51','2020-02-29 15:46:33','2020-02-29 15:46:33'),(137,40,22,'Quo ex molestias ipsam quidem. Eveniet et voluptatibus quia in deleniti et. Velit eligendi aut quo soluta non aut perferendis. Provident iusto magni sit.',1,0,'2018-09-13 09:51:52','2020-02-29 15:46:33','2020-02-29 15:46:33'),(138,68,6,'Accusamus dolorem voluptatem ipsa dolorum autem natus. Et nihil aut non occaecati debitis numquam. Nam et ducimus optio molestias labore ullam. Ut neque minima quos eum cupiditate.',1,0,'1973-11-22 04:06:53','2020-02-29 15:47:47','2020-02-29 15:47:47'),(139,91,70,'Labore non sit ea asperiores. Cumque molestias molestias saepe et est quia eum. Ex nisi magni saepe cumque praesentium. Hic corporis velit odit nulla.',0,1,'1985-06-04 15:21:10','1991-06-24 07:52:13','2013-03-11 20:10:51'),(140,52,93,'Sunt fugit veritatis adipisci quasi. Ab mollitia est maxime aut est aspernatur. Omnis enim voluptatem numquam omnis. Nam alias esse maxime molestiae.',1,1,'2015-11-14 07:56:33','2020-02-29 15:46:33','2020-02-29 15:46:33'),(141,96,87,'Dicta labore provident corrupti ea. Delectus sunt sunt ratione a natus aliquid repellendus. Qui qui distinctio nobis repellendus illo. Cupiditate ducimus sunt cum excepturi pariatur fuga.',1,0,'2014-07-25 21:35:14','2020-02-29 15:46:33','2020-02-29 15:46:33'),(142,80,27,'Dolore ratione porro voluptatem aut. Quo eaque vel exercitationem quos amet autem aut.',0,1,'1992-10-20 15:45:54','2020-02-29 15:46:33','2020-02-29 15:46:33'),(143,43,42,'Est quibusdam deserunt et molestiae veritatis et. Et autem rerum quia quo. Aut quo quia amet non.',0,1,'2015-10-26 03:58:30','2020-02-29 15:46:33','2020-02-29 15:46:33'),(144,83,22,'Corporis ullam quo qui ut adipisci. Laudantium atque enim ipsa voluptas maiores. Consequatur ad aut ut vel consequuntur perspiciatis. Et similique tenetur eaque dolor qui suscipit fugit.',1,1,'2019-11-19 12:59:32','2020-02-29 15:46:33','2020-02-29 15:46:33'),(145,68,16,'Nobis suscipit doloremque sunt vel sapiente. Et id quae odio blanditiis. Fuga at quis vitae cum iste. Architecto est ad eligendi autem.',1,0,'2000-11-23 02:44:51','2020-02-29 15:46:33','2020-02-29 15:46:33'),(146,51,71,'Doloremque nesciunt dolorum vel velit. Dolor voluptatem quo sint distinctio itaque. Rem est est et voluptatibus sapiente sunt.',0,0,'1988-09-25 13:16:17','2011-04-12 23:43:16','2014-04-11 17:32:44'),(147,41,99,'Quo consequatur sint molestias quidem officiis totam rerum beatae. Nisi accusantium totam et recusandae nulla accusamus dolorem. Id sit quia blanditiis aliquid culpa aut omnis.',0,0,'2004-07-29 15:17:59','2020-02-29 15:46:33','2020-02-29 15:46:33'),(148,40,65,'Quasi laudantium aperiam et magni et rerum iusto. Nemo magni labore rem quam rerum et. Voluptatem veritatis facilis quas quis soluta.',1,1,'1980-11-15 04:59:20','2020-02-29 15:47:47','2020-02-29 15:47:47'),(149,65,50,'Non deserunt eaque rerum eligendi. Optio dolores ipsa ex suscipit aliquid accusantium porro. Et quia repellendus ipsam et blanditiis optio. Eaque aut voluptas non velit ut quo.',1,0,'2018-09-27 00:48:39','2020-02-29 15:46:33','2020-02-29 15:46:33'),(150,72,68,'Occaecati ipsam quia et id nam. Modi cupiditate est ea molestiae et officia dolorem. Eos quia sed iusto voluptas. Harum in et aut consequuntur. Et cupiditate cumque incidunt molestiae possimus.',1,0,'1983-11-05 19:18:37','2001-02-02 11:24:13','2014-12-08 07:28:45');
/*!40000 ALTER TABLE `messages` ENABLE KEYS */;
UNLOCK TABLES;

--
-- Table structure for table `posts`
--

DROP TABLE IF EXISTS `posts`;
/*!40101 SET @saved_cs_client     = @@character_set_client */;
/*!50503 SET character_set_client = utf8mb4 */;
CREATE TABLE `posts` (
  `id` int unsigned NOT NULL AUTO_INCREMENT,
  `media_id` int unsigned DEFAULT NULL,
  `user_id` int unsigned NOT NULL,
  `head` varchar(255) CHARACTER SET utf8 COLLATE utf8_unicode_ci DEFAULT NULL,
  `body` mediumtext CHARACTER SET utf8 COLLATE utf8_unicode_ci,
  `created_at` datetime DEFAULT CURRENT_TIMESTAMP,
  `updated_at` datetime DEFAULT CURRENT_TIMESTAMP ON UPDATE CURRENT_TIMESTAMP,
  PRIMARY KEY (`id`)
) ENGINE=InnoDB AUTO_INCREMENT=101 DEFAULT CHARSET=utf8 COLLATE=utf8_unicode_ci;
/*!40101 SET character_set_client = @saved_cs_client */;

--
-- Dumping data for table `posts`
--

LOCK TABLES `posts` WRITE;
/*!40000 ALTER TABLE `posts` DISABLE KEYS */;
INSERT INTO `posts` VALUES (1,2,13,'Dolore provident odio quis natus. Et quasi quam accusamus accusantium minus velit pariatur. Ipsam voluptatibus facere tenetur et ut. Porro ut excepturi corrupti placeat officiis quaerat.','Et sit quibusdam aut aut. Voluptatum saepe cumque sunt sequi dolores suscipit vitae dolor.','2018-06-29 21:55:29','2020-02-29 13:59:08'),(2,72,50,'Repudiandae molestiae ratione velit quo omnis. Saepe nemo non et quo ut dolores nihil inventore. Beatae molestias voluptatibus officia neque quidem aut magni.','Animi temporibus laboriosam voluptatem quia illum ut et dolorem. Ratione numquam fuga id. Est molestias ut aut laudantium velit nemo. Vitae dolor quia eveniet repellendus et dignissimos quod animi.','1996-01-28 10:24:05','2007-11-15 13:48:32'),(3,20,65,'Maxime reiciendis quis quia nemo quidem repellat recusandae. Molestiae beatae id nesciunt. Unde id soluta praesentium a minus vero assumenda.','Magnam labore beatae vel sit quia. Qui incidunt eaque quae. Debitis nesciunt qui corporis qui nisi.','1984-04-06 22:11:20','1985-01-09 05:32:25'),(4,99,86,'Qui asperiores saepe natus natus illo. Laudantium iure consequatur voluptates facere odit maxime veniam ducimus. Quia aspernatur asperiores accusantium voluptatem tempore culpa natus. Consequatur qui non eaque voluptatem dolorem. Iusto qui iste aut vel la','Repellendus et sint assumenda non quo repellat sit molestiae. Ipsam adipisci nostrum rem pariatur doloribus architecto natus sint. Iste reprehenderit non autem quos omnis repellendus quia. Tempora libero modi aliquid.','2019-01-24 01:57:42','2020-02-29 13:59:08'),(5,5,71,'Quae sed sed aut nisi eum. Eius eaque voluptas quisquam et amet sed eveniet. Autem dolor commodi nulla et quia culpa. Temporibus praesentium totam quo quis sit veritatis nihil reprehenderit.','A sunt amet nisi id est hic repellat sunt. Alias temporibus sed soluta dolorem ipsa corrupti. Aliquam ex et quo sed.','1982-04-16 00:50:26','1987-05-10 00:34:45'),(6,74,98,'Voluptas omnis consequatur voluptates iusto ut. Eos praesentium rerum non reiciendis.','Non sequi et rerum iste provident. Vel maxime et possimus soluta eius consequatur vel aut. Perferendis labore est omnis esse.','1999-09-16 23:37:35','2009-07-12 13:25:56'),(7,12,40,'Voluptate aperiam voluptatum ea quia. Ut quis non et. Nulla tenetur odit omnis modi. Aliquid rerum debitis nemo consequatur laborum.','Dolor aut neque sed ipsam laudantium dolores. Distinctio voluptas similique aliquid pariatur non sequi. Et odit debitis illum cupiditate modi voluptas architecto fuga.','2015-05-29 03:57:05','2020-02-29 13:59:08'),(8,76,40,'Et culpa sit dolorum deleniti rem eos in. A incidunt libero modi beatae. Officia quia culpa dolorem voluptatem quas eligendi reprehenderit. Et quia hic voluptas et nobis exercitationem neque.','Voluptatum cupiditate voluptatum officia inventore quidem fugiat laboriosam. Rerum error eum placeat omnis dolores.','1995-12-10 03:54:04','2020-02-29 13:59:08'),(9,83,5,'Molestiae fugiat libero suscipit et. Tenetur consequatur sit sunt occaecati id aut vel molestias. Rerum quo eaque soluta perspiciatis eum odit ducimus alias. Omnis quo et ipsam voluptate in autem.','Autem corporis est aliquam dicta quod qui. Ut culpa blanditiis ducimus ea nostrum. Explicabo magni perspiciatis hic ratione voluptatem labore enim magnam. Rem veniam velit exercitationem omnis molestiae.','1980-08-21 07:29:40','2020-02-29 13:59:08'),(10,59,38,'Molestias velit tempora commodi impedit suscipit. Sint quibusdam placeat id aperiam. Cupiditate aliquid sed nesciunt commodi ea blanditiis dolorum. Adipisci molestiae ut autem aut sed.','Deserunt est rem repellat nulla. Temporibus fugiat eos ratione earum quibusdam perferendis quas. Ullam eveniet debitis praesentium sunt optio est. Et nam perferendis deleniti molestiae excepturi quasi.','2017-11-13 02:59:10','2020-02-29 13:59:08'),(11,94,2,'Quia deserunt sunt facere minus possimus a. Totam enim aut quibusdam vel aliquid qui. Reprehenderit ut illum ea rem.','Quidem quod enim nisi non nisi. Et in architecto excepturi quisquam et qui quaerat. Eum reiciendis voluptas atque natus at qui repudiandae.','2017-05-16 03:34:52','2020-02-29 13:59:08'),(12,33,16,'Enim nostrum quae illum perspiciatis mollitia. Commodi voluptatem reiciendis ut veniam animi corporis ipsa. Quia voluptatem consequuntur enim eum enim officiis. Officia nesciunt quibusdam at mollitia.','Cum consequatur dolor odit est omnis consequatur. Et non qui a reiciendis numquam labore voluptatem cupiditate. Amet veniam distinctio quo. Voluptatem fuga atque itaque enim ab animi velit. Adipisci quia est non accusantium tempora.','2012-02-27 19:10:01','2020-02-29 13:59:08'),(13,32,65,'Placeat error mollitia debitis quasi ipsam. Vitae beatae nihil voluptate fuga. Consequatur dolor deserunt maiores nesciunt qui.','Omnis nisi aperiam consectetur numquam corporis labore nemo. Facere non nihil sit qui doloribus dolores. Harum repellat et fuga ipsa voluptatum distinctio est.','1980-06-28 10:10:28','2012-02-28 12:11:59'),(14,96,85,'Accusamus fuga commodi officia dolorem ducimus maiores. Excepturi sint et nisi. Nihil reprehenderit aliquid necessitatibus quia accusamus.','Aliquam consequuntur voluptatem voluptatem voluptate modi qui. In qui repudiandae velit maiores labore vel quas. Sint est facilis sapiente id omnis ut quia. Quia ut vel quidem reprehenderit vero veniam omnis hic.','1982-01-26 12:51:53','2006-07-19 05:27:16'),(15,82,63,'Hic ut eligendi et molestiae sunt vero. Deserunt ut consectetur doloribus saepe hic rem minus. Ut consequatur maxime voluptatibus dolorum molestiae ipsa.','Perferendis numquam qui cumque exercitationem error libero molestiae. Vel reprehenderit qui dolores ullam qui sit quas.','1987-03-09 10:31:02','2020-02-29 13:59:08'),(16,91,8,'Consequuntur at vel voluptatibus mollitia est voluptates. Iusto rerum deserunt quam ut. Ipsa laudantium rerum iure sapiente voluptatibus dolorum. Sint voluptas consequuntur ipsam ipsum cupiditate fugit.','Sit sit qui ad harum quia quia. Labore officiis accusantium facere aut est quisquam voluptatem. Minus consequatur sit nesciunt quos ullam. Natus qui aut dignissimos autem facilis occaecati laborum.','2006-03-22 15:54:30','2018-06-05 11:27:37'),(17,45,55,'Est explicabo odit aspernatur voluptas dolores minima commodi. Expedita vel est totam et praesentium. Illo ea expedita explicabo in ullam.','Illo in natus vero veritatis. Tenetur aut praesentium incidunt eos repellendus.','2016-08-31 15:20:21','2020-02-29 13:59:08'),(18,86,56,'Exercitationem qui eos neque laboriosam laudantium dolorem voluptatum deserunt. Eos aspernatur et omnis aut beatae.','Quis sed aliquid facilis sunt fugit et sequi recusandae. Ad in qui et odit id eius. Amet tempora ut voluptatem quo optio nemo.','1983-09-03 12:57:48','2020-02-29 13:59:08'),(19,23,9,'Nam eum dolor quam blanditiis fugit delectus voluptas dignissimos. Maiores id et molestiae nihil.','At doloremque aspernatur dolorum dolores. Enim non nam corrupti repudiandae tempora nulla. Officia culpa voluptas eum veritatis.','1994-06-25 11:49:17','2020-02-29 13:59:08'),(20,65,46,'Tenetur beatae ducimus perferendis. Distinctio odit consequatur ipsa qui. Possimus perferendis culpa aut totam porro corrupti. Et in saepe cumque reiciendis. Qui placeat placeat voluptatem sit fugit est omnis.','Illo vel molestiae libero error ab. Recusandae libero id ea itaque. Facere ad sed quia. Iusto laborum error necessitatibus voluptatem cum aliquid eius qui.','1972-11-27 06:41:11','2020-02-29 13:59:08'),(21,48,83,'Dolore qui molestias dolorem dolor. Quo saepe sapiente esse eveniet voluptas soluta consequatur.','Repellat quia eum autem est accusamus reprehenderit eveniet. Totam accusantium voluptatum fuga veritatis asperiores exercitationem. Aut perspiciatis sunt repellendus dolorem quia. Ut ab sed rerum sed.','1994-04-15 04:41:45','2015-03-12 22:38:48'),(22,19,46,'Repudiandae sit iste sit voluptatibus est minus. Quis accusamus magni reprehenderit. Consequatur necessitatibus quia voluptas ipsa nesciunt quidem. Aut qui minima ipsum aperiam et.','Vero nemo ut odit facilis ea itaque iure. Dolor alias natus ut. Voluptas ea fugiat voluptatem blanditiis voluptas architecto omnis qui.','1974-04-17 18:02:10','1976-08-12 18:18:16'),(23,1,64,'Culpa dolores at unde voluptas cupiditate et nisi. Error harum ut expedita molestias saepe. Molestiae vitae magni blanditiis qui laborum. Consequatur harum mollitia dolores id.','Dicta excepturi quo ratione omnis et sit voluptatem. Excepturi eius provident ad numquam velit. Non et et accusamus quia magni.','1971-09-22 11:40:22','2001-07-21 22:44:57'),(24,12,11,'Rerum tempora consequatur expedita facere ratione assumenda tempore. Illo quidem sequi et voluptas. Sequi dignissimos magnam asperiores optio quis ut aut. Cum illo quam consequatur consequuntur.','Officiis ipsam aut et fuga explicabo facere. Repudiandae sunt ex architecto veniam error sequi.','1997-11-23 16:56:44','2002-06-23 06:09:30'),(25,34,91,'Incidunt non ea et qui quisquam reprehenderit dolorem. Doloremque quia error aperiam dolores ut qui aut expedita. Natus dolore nemo sed quis optio. Asperiores voluptatem itaque suscipit accusamus mollitia eum repellendus optio.','Voluptate minima ea sunt odit veritatis alias. Dolor eaque ipsa cupiditate alias sequi. Et dolore sit ut nam et totam tenetur iusto.','2009-05-03 05:14:01','2020-02-29 13:59:08'),(26,37,87,'Quam ea tempora earum ut. Quos ut rerum unde exercitationem facere non exercitationem nam. Inventore accusamus minus ipsa aut sed amet velit. Molestias inventore provident molestias.','Tempora aut quia incidunt assumenda dignissimos autem sapiente. Voluptatem harum ducimus aspernatur iusto qui ipsum necessitatibus. Optio tenetur laborum pariatur ipsam voluptas. Odit et omnis libero nisi quam magnam.','1988-02-17 14:49:48','2019-01-13 22:44:02'),(27,85,26,'Nemo odit saepe qui sunt. Aut voluptas ut eum ut. Quasi impedit veniam nihil sunt quaerat. Excepturi reprehenderit perferendis molestiae minus nihil.','Amet officia eligendi temporibus sit quaerat error. Autem corrupti omnis accusantium natus. Cum dolor error id fugiat dignissimos et sit. Eaque dolorum ut tempore iusto alias.','2003-07-12 16:16:53','2020-02-29 13:59:08'),(28,43,13,'Et nulla quidem enim nihil recusandae. Est aut sed laborum. Veniam vitae et quia occaecati. Ullam aut est et fugiat magnam tempore quasi. Vitae impedit iste quo aut sapiente possimus.','Quod rerum molestiae rerum aperiam exercitationem ut qui. Quo maiores cupiditate ratione praesentium sunt cupiditate. Id ea incidunt dolores optio cumque consequatur. Officiis vitae et qui est doloremque architecto itaque sapiente.','2017-12-07 19:25:06','2020-02-29 13:59:08'),(29,99,47,'Eius eaque accusantium consectetur quas ut eum est. Aut omnis et consequuntur rerum dolorem ea vel. Minima labore optio in.','Corrupti sunt laudantium optio impedit. Ratione iusto est pariatur.','1986-12-24 17:01:40','2020-02-29 13:59:08'),(30,61,24,'Ut enim eveniet est minima totam nisi eveniet ut. Ut iste omnis ut maiores aliquam. Enim minus rerum qui et est asperiores.','Perferendis recusandae aut inventore reiciendis. Fuga quia placeat placeat maiores ducimus aut rem quia. Et dolore atque et. Culpa dolores non officiis optio molestias.','2003-01-02 18:51:54','2004-02-06 14:33:54'),(31,4,46,'Possimus ut officia sed omnis. Officia temporibus ut nemo consequatur. Sit exercitationem reiciendis esse quisquam ut cupiditate.','Cum vel est odit sed quaerat alias qui. Nulla dicta aperiam quasi itaque. Neque ea labore sit odio voluptatem est molestias. Laudantium quo quod natus molestiae veniam. Sunt recusandae delectus voluptatum repudiandae sed ipsum.','2011-01-26 19:20:54','2020-02-29 13:59:08'),(32,40,4,'Perspiciatis in autem possimus sit. Incidunt eligendi necessitatibus dolor mollitia eos culpa consequuntur.','Maxime beatae qui odio et. Quis explicabo incidunt accusamus commodi. Sit vel molestiae quo rerum et ipsa. Et eligendi similique est voluptatem adipisci aut.','2006-07-22 04:44:48','2020-02-29 13:59:08'),(33,93,88,'Voluptas et qui dolorem qui soluta est. Id rem minima facilis quisquam quasi quae maxime. Est quia quis velit.','Eum voluptatibus hic sunt eos ipsum. Facilis quaerat ut doloremque a nihil. Occaecati explicabo blanditiis amet alias. Adipisci necessitatibus officiis est.','1979-05-29 05:33:05','2002-10-02 12:10:52'),(34,4,36,'Vero asperiores hic vitae at. Iste in officia laborum non cum eum. Qui enim voluptas voluptates temporibus voluptate et. Sit cupiditate excepturi quam consequuntur nam.','Omnis est id omnis exercitationem aut sunt labore. Ratione quae ipsam cupiditate veniam aut ex. Cupiditate est commodi voluptates eum et.','2009-04-06 00:34:36','2014-11-23 22:17:57'),(35,33,29,'Minima delectus quo autem dolorem id tempora qui et. Omnis sed dolorem nisi nemo reiciendis. Doloribus odit in aut dicta et sit.','Dolorem atque atque error necessitatibus aut alias ad. Vel placeat ipsa ratione reiciendis eos. Voluptatem error voluptatibus recusandae porro magni. Animi in ab voluptatibus sit corrupti possimus.','1993-05-29 06:48:37','2010-02-16 13:54:22'),(36,42,34,'In tempore quas voluptatibus. Ratione nam fuga dolore architecto facilis quos beatae.','Nemo harum incidunt occaecati quod distinctio et. Ratione eligendi aliquam ullam accusamus unde. Molestias laborum ad aut ad. Fugit non provident fugiat molestias voluptas voluptas expedita aut.','1988-07-29 12:01:53','2016-07-07 16:57:26'),(37,93,70,'Cumque distinctio animi recusandae quia ratione. Cum nesciunt reiciendis aut velit iure labore exercitationem. Consequatur beatae voluptatem aspernatur quidem corporis. Beatae amet soluta atque totam velit quae.','Et distinctio enim labore molestiae et. Dolore et nihil odit libero velit natus expedita vel. Ab nesciunt odio voluptates optio et adipisci quod.','1977-11-03 10:17:31','2017-08-25 06:15:27'),(38,69,37,'Officiis adipisci nihil ut accusantium cum sunt. Et eos omnis cum quae reiciendis quis possimus. Vel ea deleniti alias et veritatis quia illum consequatur.','Ullam nulla consequatur explicabo sit porro. Explicabo iure natus placeat quasi. Eum omnis expedita in fuga.','1987-08-15 04:21:25','2020-02-29 13:59:08'),(39,88,34,'Vitae facilis dolores nemo perspiciatis veritatis enim. Enim veniam laboriosam nihil perspiciatis iure et. Quis quia voluptate cumque voluptatibus. Soluta aut occaecati saepe similique facere eligendi odit.','Fuga aspernatur reprehenderit nesciunt. Quia facilis quaerat eius unde et.','2008-11-18 04:51:20','2020-02-29 13:59:08'),(40,87,40,'Optio dignissimos quo velit quos sint. Aut et recusandae nostrum impedit voluptatem cum dolorem. Aut sed ipsam sit deserunt sint. Nesciunt illum dolore rerum reprehenderit voluptates.','Rem et officiis quos sunt qui molestiae. Voluptatem id ut nemo dolor consequuntur. Voluptatibus perspiciatis omnis fugit odio velit eum ratione. Libero odit officiis occaecati id et quia. Dolor amet accusamus deserunt quisquam.','1995-02-01 21:53:36','2020-02-29 13:59:08'),(41,53,97,'Molestiae sunt et officiis est quia ab quasi. Et harum atque mollitia qui suscipit sed rerum. Dolor enim distinctio facere itaque id.','Officia ad eligendi corporis impedit nobis maxime ut provident. Optio ducimus architecto vero. Omnis velit harum adipisci quibusdam minima omnis. Quas dolore sed quos id tempora eligendi.','1984-12-31 12:14:16','2000-12-22 05:23:39'),(42,47,93,'Odio quidem non animi totam. Aut laboriosam in doloremque id beatae qui. Magni minima hic magni consequatur voluptatem nesciunt sit. Asperiores velit repellat atque qui animi placeat. Sapiente sit atque rerum maiores facilis dolorem similique.','Doloremque voluptate aut sequi itaque. Doloremque dicta id ad soluta magni. Reiciendis possimus corrupti a tenetur amet qui ea. Quia iure voluptatem eveniet tempore et.','2005-08-10 00:57:40','2020-02-29 13:59:08'),(43,48,19,'Perferendis tempora facere non alias unde aspernatur. Nisi omnis iusto placeat aliquid. Omnis culpa qui placeat rerum. Consectetur maiores sequi sed culpa exercitationem eos eum quia.','Cumque sint pariatur nihil et aut. Sequi velit ipsam et reprehenderit accusamus. Dolorum quia recusandae voluptates.','2005-11-16 15:27:07','2012-01-23 19:39:04'),(44,80,99,'Dicta voluptatem est doloremque quae harum. At qui qui aspernatur corporis maiores cumque. Quisquam iure at aut voluptas.','Iure quo suscipit et eius. Temporibus eligendi sit et non. Doloribus voluptate illo nisi sed aspernatur.','1990-08-18 23:02:38','2020-02-29 13:59:08'),(45,21,21,'Animi ipsum et voluptatem numquam ut. Est reprehenderit mollitia error harum ipsa reprehenderit non. Ad est quas voluptas.','Aut qui dolore quasi doloribus qui quae vel. Praesentium ut pariatur ad consequatur ex consequuntur. Alias impedit id sint possimus.','1971-09-13 18:05:17','1998-04-20 16:02:25'),(46,94,46,'Voluptatem veritatis eveniet velit. Accusamus ipsam illo ullam explicabo iure sit. Et tenetur aperiam sed vero quo et explicabo non. Molestiae aut numquam totam odio ratione cupiditate.','Fuga esse et in consequatur. Deserunt molestias nostrum error accusamus eum animi. Voluptatem aliquam et natus magnam dolores quas. Itaque doloribus non error magnam commodi ab.','1993-11-28 00:33:10','2020-02-29 13:59:08'),(47,92,30,'Magni nostrum voluptatem officia et. Qui a fugiat ut quaerat sed eos. Officiis et amet deserunt dolor laudantium rem impedit est.','Et recusandae aspernatur consectetur non soluta quibusdam natus. Suscipit quas doloribus facilis officia sit. Aut quo eligendi alias porro similique dignissimos. Numquam totam ea possimus aut.','1974-11-01 00:08:22','2020-02-29 13:59:08'),(48,22,71,'Et aut perspiciatis consequuntur quod incidunt omnis laborum. Distinctio neque nisi nihil corrupti labore. Eveniet ipsa neque possimus eaque laboriosam odio.','Aliquid expedita ipsum cumque minima tenetur officiis. Illum rerum aut id enim. Et voluptatum et sit accusantium autem rem corporis.','2013-12-26 20:17:45','2020-02-29 13:59:08'),(49,61,85,'Ut non et dolore natus quam omnis ut. Blanditiis fuga totam laborum dicta doloremque rerum dolorum. Quia provident molestiae autem aliquid et consectetur reiciendis nobis. Optio et neque et.','Praesentium non fugiat voluptas ut excepturi dolores. Omnis voluptatem est cumque ullam. Neque esse tempora laudantium voluptatum sunt similique perferendis.','1984-08-06 02:35:38','1996-02-04 18:57:39'),(50,96,100,'Adipisci numquam omnis est sit. Velit sed aut est esse et dolorum velit. Quasi omnis explicabo culpa debitis accusamus. Soluta inventore id provident accusamus et aut totam.','Qui quia possimus autem aut voluptatem repellendus aut rerum. Maiores et hic rem consectetur vel repudiandae.','1985-09-20 14:38:19','2007-07-09 07:27:05'),(51,66,7,'Nihil alias dolores commodi ad similique et omnis. Odio voluptatem labore ut non quia. Incidunt nihil sapiente officia ut corrupti voluptatem accusamus.','Accusantium sit esse quo officiis eos perspiciatis minus. Id corporis ut voluptates sit corporis. Tempore consectetur tempora vel rerum qui non exercitationem. Quas est rerum accusantium et.','1987-04-28 11:39:31','2020-02-29 13:59:08'),(52,94,54,'Dolorum officia quis blanditiis et deleniti voluptatem. Iure sed reiciendis dolorem atque et. Quaerat dolores ipsum eos quam iusto ad provident. Consequatur quasi quibusdam a harum ut rerum.','Ea repellendus facilis vero harum qui ea. Consectetur harum quo excepturi. Hic sit dolorem error eveniet quasi soluta rerum.','1978-04-06 18:24:09','2020-02-29 13:59:08'),(53,38,15,'Sint laudantium et sed aliquam omnis. Minima vel iure magni est. Facere fugit reprehenderit autem et dignissimos consequatur. Laboriosam iusto aut corrupti sit ullam excepturi. Ea quasi enim id laudantium.','Qui esse ipsa accusamus. Molestiae sit nihil vitae aut. Alias inventore est libero ut nam quia sit eum. Assumenda ex deserunt perferendis eos. Distinctio tempore commodi omnis earum.','1976-01-25 05:42:32','2007-06-09 12:31:00'),(54,87,37,'Occaecati nihil non et quasi et earum. Quas veritatis quia in assumenda. Nobis accusantium quidem maiores est ipsa.','Quis repellat autem inventore est voluptatum necessitatibus. Perferendis minima sint blanditiis cumque aliquid consequatur.','1973-10-16 16:51:38','1976-03-15 10:46:46'),(55,23,11,'Voluptatibus vitae et molestias inventore natus modi exercitationem. Harum quibusdam quia ipsum ut nam suscipit impedit omnis.','Omnis ex eos laudantium fuga. Incidunt perspiciatis et quas sint et aut. Repellendus nihil optio labore.','1977-09-06 20:50:24','2006-01-25 03:38:56'),(56,27,6,'Voluptatum et id id ipsa dicta itaque animi aliquid. Nostrum voluptas est reiciendis qui commodi. Magnam cum nobis adipisci consequatur quisquam sit. Sint mollitia aspernatur qui exercitationem debitis quidem.','Est quisquam amet natus earum beatae consequatur. Eos nobis esse sunt veritatis modi nulla. Aperiam quia qui quia.','2018-07-13 15:32:58','2020-02-29 13:59:08'),(57,12,85,'Ut deserunt quasi provident eaque soluta sed suscipit. Enim nostrum temporibus error impedit maxime. Et pariatur laborum quis est.','Tempore voluptatem eaque vel dolores nesciunt. Consectetur non consequuntur sapiente suscipit. Qui atque quas doloribus dolorum delectus.','1987-03-14 15:50:04','2012-09-24 18:07:50'),(58,66,39,'Possimus sit omnis autem dolores et ullam. Adipisci rerum nam suscipit reprehenderit earum fugiat. Inventore laborum velit voluptas aut accusantium.','Autem voluptas laborum minima officiis voluptatem assumenda. Ut adipisci qui velit eveniet. Commodi ipsum voluptatibus molestiae veniam et sit.','2011-04-13 23:41:48','2020-02-29 13:59:08'),(59,77,9,'Illo voluptatem rem cum animi repellendus. Officiis consequatur laborum voluptatem sunt et delectus. Fugit aut doloremque suscipit distinctio dolores deleniti veritatis.','Deleniti possimus reiciendis doloremque cupiditate consequuntur et culpa voluptatibus. Nisi ut sint sequi accusantium minima odit architecto. Commodi nihil accusamus enim voluptatem delectus molestiae. Quisquam deleniti qui impedit harum ipsum qui vel.','2002-09-05 14:00:25','2020-02-29 13:59:08'),(60,45,10,'Consequatur accusantium sit id nam nostrum molestiae reiciendis. Nesciunt et est eaque.','Eum quisquam vel enim rerum laborum perferendis. Perferendis sed sint qui debitis qui. Enim praesentium modi corrupti cumque quia debitis ipsum.','2005-01-01 13:39:14','2020-02-29 13:59:08'),(61,62,50,'Quidem recusandae itaque in dolorem et. Delectus qui minus deserunt iste eum. Provident eveniet voluptas aut quis autem.','Magnam assumenda aliquam sint eos. Assumenda sit soluta iste ullam sit facilis neque. Repudiandae corporis velit sapiente velit ut veritatis nihil. Magni possimus nostrum et fugiat et.','2017-05-08 21:02:07','2020-02-29 13:59:08'),(62,56,35,'Corporis eius nam tenetur omnis voluptas et asperiores. Hic recusandae minus ut autem.','Similique optio dolorum et ducimus magnam dolor. Accusamus illum maxime voluptas. At ad omnis doloribus dolores praesentium delectus. Repudiandae eligendi tempore sunt quibusdam. Ut eaque enim qui maiores dolor autem.','2015-12-15 02:56:22','2020-02-29 13:59:08'),(63,81,25,'Neque id animi dolorem ut quo. Qui assumenda rerum et dolorum. Fugiat fugiat a explicabo sapiente adipisci voluptatum est.','Id voluptas et explicabo molestias impedit. Ea vitae vitae adipisci totam incidunt. Quae dolor cupiditate non ullam ad eaque omnis autem.','2011-07-21 02:38:33','2011-08-17 14:26:01'),(64,78,10,'Sint odit qui ipsum. Nihil id dicta accusamus qui minima non. Esse quas laudantium laudantium voluptate quo.','Doloremque ipsam totam ea est velit. Enim optio sed eveniet enim alias eius laboriosam. Voluptatem id non sequi voluptates.','1978-06-17 22:36:28','1999-07-25 23:10:21'),(65,96,36,'Sapiente impedit voluptatem occaecati consequatur esse. Animi ex minus molestias tenetur dolor autem similique. Quas eos libero amet porro et perferendis. Eligendi ut et quae et autem ullam. Veritatis saepe quia quidem expedita sunt incidunt.','Placeat qui rerum ducimus eos ea est vel sed. Recusandae excepturi ad impedit ad.','2008-05-28 17:13:43','2012-10-07 15:08:10'),(66,91,45,'Sequi optio facilis culpa voluptas et. Velit est est aut tempora blanditiis nemo perspiciatis ut. Qui consectetur asperiores facere aut. Corporis quia voluptate vel dicta. Dolorem quo mollitia officiis voluptate.','Dolores unde rerum autem sunt aperiam porro quos. Animi molestiae qui perspiciatis porro sed ut sequi maiores. Error praesentium enim id dolorum voluptatem. Labore quia consequatur optio et sequi animi ut.','2003-07-08 19:20:42','2020-02-29 13:59:08'),(67,94,21,'Dolores culpa at reiciendis. Qui dicta earum sapiente aperiam. Repudiandae architecto similique cupiditate omnis voluptatum temporibus. Harum et ex ut quam enim quaerat fuga.','Nam necessitatibus voluptate est enim dolore. Voluptatem est assumenda eveniet esse voluptate. Enim optio distinctio perferendis enim.','1984-02-18 17:49:06','2003-05-14 11:10:15'),(68,87,81,'Excepturi vero rerum deserunt. Excepturi commodi maiores enim. Iste dolore culpa qui soluta quae rerum. Non et sit sequi ex et assumenda sit.','Ullam dolores architecto eum quidem molestiae. Ullam molestiae velit repellat voluptas quia excepturi. Explicabo vitae ipsa velit consequatur et ex. Aut neque dolores ratione amet sit eum. Cupiditate dolorem veniam mollitia odit.','1998-12-21 12:41:54','2020-02-29 13:59:08'),(69,44,5,'Harum accusamus magni minus facere voluptatem. Qui recusandae aliquid reprehenderit a. Voluptatum dolores a molestias corrupti at.','Ullam labore voluptate iure modi voluptates ratione et. Porro iste incidunt dolores voluptates illo. Qui iure et est autem non. Delectus sit est quia excepturi.','1984-05-01 16:52:14','2003-09-24 18:24:02'),(70,96,17,'Consequatur optio quia autem quia. Similique perferendis debitis praesentium voluptatibus perspiciatis placeat ullam. Aut repudiandae sed eveniet perferendis. Ea repellendus fuga quis ea magni sit ipsam. Numquam quos accusamus non aliquid fugiat consequun','Similique ut molestiae corrupti tempore. Tempore cupiditate dolorum voluptas. Quaerat molestiae ea aperiam vel pariatur quo quia.','1978-09-15 18:34:18','2011-06-29 02:35:58'),(71,62,22,'Aspernatur corrupti odit harum unde. Commodi voluptate qui quia vero eius incidunt ipsam. Cum et quia pariatur id. Excepturi et nesciunt nesciunt quam quis. Assumenda id rerum numquam ea ipsa quia earum aut.','Dolore quod consequatur itaque voluptatibus eaque et. Sint odio consequatur velit asperiores aliquam maiores. Natus quo enim quod qui explicabo eligendi facilis.','2018-06-30 23:11:06','2020-02-29 13:59:08'),(72,53,28,'Ipsa animi voluptatem est et deleniti. Voluptatem expedita consequatur odio omnis aut dolores. Molestiae dolorem nisi occaecati accusantium quia voluptates praesentium ea. Ad itaque voluptas atque omnis.','Molestiae numquam non nihil dolorum ex ut eaque. Ut ut inventore voluptatem quaerat praesentium necessitatibus sequi. Ipsam non voluptas vitae corrupti nostrum. Quia consequatur possimus laboriosam.','2018-01-18 12:43:21','2020-02-29 13:59:08'),(73,85,14,'Illum autem sunt ut iste eos. Quas et inventore ex. Sint in tempore suscipit facere suscipit. Eius qui tempora impedit voluptatem maxime qui.','Pariatur eligendi praesentium corrupti. Aliquid possimus a dolorem dolores doloribus maxime. At occaecati sed maiores doloremque aut dolorem molestiae. Autem nihil odit quam.','2012-11-12 04:21:14','2019-03-09 20:17:25'),(74,57,87,'Et adipisci vel odio officia qui molestiae. Voluptatem necessitatibus omnis dolor quia. Neque unde incidunt commodi. Ea sunt architecto aut sunt dolorum voluptatem perferendis.','Tenetur pariatur enim iusto quia. Et minus ea veritatis tempore qui quia delectus. Sapiente ea quia molestiae sequi culpa et. Dolorem sint et ducimus nesciunt culpa aut harum ullam.','2017-10-27 03:48:14','2020-02-29 13:59:08'),(75,28,94,'Et voluptatum nihil ratione earum velit accusamus. Sapiente pariatur aliquam eligendi et aperiam. Tempore assumenda rerum nostrum.','Commodi alias nostrum nihil animi debitis quos. Aut et consequatur consequatur dolor et quia reprehenderit doloribus. Rerum id fugit adipisci dignissimos. Praesentium laboriosam aut omnis cupiditate odio.','2017-04-25 01:34:18','2020-02-29 13:59:08'),(76,48,44,'Autem quo sint quasi dolore id. Laborum incidunt expedita in recusandae eaque excepturi veritatis. Perspiciatis consequatur veniam odio tempore. Voluptatem non numquam sit totam molestiae veritatis mollitia. Unde voluptatem a harum.','Perspiciatis itaque sit occaecati. Ducimus ut assumenda autem. Est quis alias sunt ex aut sint. Sunt ducimus quia ea ut earum ea ut quo.','1973-08-31 17:18:39','1975-03-05 20:44:17'),(77,44,56,'Necessitatibus nobis voluptates est unde et. Adipisci quis magni veniam provident mollitia. Facere sint pariatur culpa est unde. Nulla rerum dolores quae aliquid fuga optio quibusdam.','Nihil fugiat et numquam beatae. Cumque ut iusto minus cupiditate dolor nobis aut. Corrupti nihil error veniam mollitia ex ea. Voluptas magni ut totam exercitationem voluptatum.','1985-06-04 22:00:48','2020-02-29 13:59:08'),(78,17,44,'Laborum quia aut consequatur beatae et sed necessitatibus. Magnam minima rem non est harum. Magni excepturi ab vel sequi.','Est mollitia dolorem voluptatibus architecto sint velit rerum. Autem autem consequuntur ut earum. Aut et sit natus quis quaerat facilis rerum sunt. Ipsa nobis eum deserunt.','2016-08-11 12:40:16','2020-02-29 13:59:08'),(79,88,82,'Harum alias velit ipsa repellendus. Error itaque eius incidunt nulla quae. Ut aut cum porro et sint.','Eum ipsum est nisi quis ea distinctio itaque. Perspiciatis expedita et qui odio quia libero vel. Et rerum aliquam et voluptas minus facilis vitae. Mollitia modi dolores quis quis.','1994-02-20 12:30:21','2020-02-29 13:59:08'),(80,16,35,'Laboriosam non alias adipisci dolor quam. Pariatur id natus repudiandae quos et mollitia aliquid. Commodi sunt vero repellendus voluptas earum hic. Ut nulla inventore et placeat sint.','Et ducimus magni dolores pariatur. Soluta consequuntur accusantium ad doloremque iste qui excepturi. Neque atque sint eaque laudantium odio in.','2016-07-20 09:17:37','2020-02-29 13:59:08'),(81,20,92,'Non itaque vel voluptas distinctio. Consequuntur occaecati voluptatem dolores aliquam magni nesciunt.','Dolores illo et ducimus et. Voluptate est magni id. Perferendis aliquid et et in veniam neque aliquam. Consequatur voluptatibus ut consequatur laborum ut.','2009-03-17 14:10:04','2020-02-29 13:59:08'),(82,98,6,'Dolores molestiae voluptatum asperiores perferendis nesciunt qui quis. Eius omnis corporis dolor in voluptas. Nam alias nihil harum assumenda est quod perspiciatis. Et sunt nihil voluptatem. Distinctio sit quo similique consequatur ipsam.','Sequi assumenda corporis repellat ut. Voluptates cumque dolore optio et reiciendis ratione aliquid. Quidem cupiditate rerum suscipit facilis.','2007-02-19 09:45:27','2020-02-29 13:59:08'),(83,53,66,'Quod tempore facilis natus. Inventore consequatur itaque laudantium rerum sit tempora. Error sit possimus vel est reprehenderit maiores. In incidunt qui modi in dolorum enim quia.','Nihil architecto rerum repellendus officia cum eveniet blanditiis. Dolorum magni sapiente dignissimos et rem non. Doloremque et aut nemo voluptatum qui. Minima magnam quidem adipisci ducimus optio.','2006-04-10 07:30:08','2020-02-29 13:59:08'),(84,39,19,'Quo voluptatibus quia aperiam minima voluptatem. Necessitatibus dolore quibusdam at in in sit dolor. Quas corporis optio quia quam odio est error.','Dolores corporis et maxime quae harum quisquam molestiae. Odio inventore natus delectus quo maiores. Pariatur nam dolorem quos sed sequi et neque ut.','2007-06-06 16:58:56','2020-02-29 13:59:08'),(85,82,15,'Totam vitae nam eum. Consequatur magnam rerum eum maxime qui ex. Velit cumque qui doloribus eaque est in facere vel.','Nobis et non voluptatum eveniet neque. Et sunt ab consequatur animi eum. Qui ex quae mollitia omnis non.','1993-12-17 05:52:27','2020-02-29 13:59:08'),(86,79,32,'Asperiores beatae voluptatem et voluptas ut eos fugit non. Quis qui sint eius. Voluptas qui iusto aut. Totam dolorem rerum aliquid dicta veniam soluta.','Fuga et aut ducimus assumenda rerum omnis consectetur. Architecto assumenda dicta et. Reprehenderit consequatur perferendis voluptas tempore veritatis excepturi quos. In est ut animi doloremque.','1979-02-28 15:29:48','1994-10-20 08:24:33'),(87,11,64,'Tempora odit veritatis amet omnis ut numquam non. Et magni ea sed architecto. Qui ab deserunt consectetur enim aut aut. Accusamus est vitae aut laboriosam.','Mollitia natus quia quisquam neque neque deleniti. Et quas ullam nesciunt occaecati. Officia voluptas repellat repellat vel voluptas voluptas esse.','1976-09-24 10:21:35','2020-02-29 13:59:08'),(88,39,51,'Quidem exercitationem beatae ut. Aliquam consectetur consequatur perspiciatis similique quia voluptatem dolor. Rerum maiores omnis cum provident aut et. Et quisquam consequatur magnam eaque repellat quidem nostrum.','Mollitia distinctio illum unde et. Rerum qui qui quae eveniet rerum quod. Minima dolor iste id adipisci ipsa sequi.','1978-11-21 01:37:15','1995-03-30 21:31:53'),(89,9,67,'Non eum fuga vel asperiores rerum quis. Beatae maiores ipsam magni asperiores et recusandae. Quia temporibus enim vitae velit non. Qui maiores est esse minus in magnam enim.','Ut possimus eos ut quia. Ut voluptas accusamus recusandae ut voluptatibus assumenda. Voluptatum tempore alias nesciunt sit.','1997-07-30 10:50:30','2010-10-04 13:55:19'),(90,64,9,'Vero et ipsam architecto dolores sint excepturi. Eos debitis itaque neque et. Libero quibusdam vel nam. Aspernatur laborum magni excepturi odio consequatur dignissimos.','Et nulla voluptatum deserunt ut beatae quia odit. Eos velit expedita dolor qui ipsa explicabo. Atque et et consequuntur ratione iste sapiente. Aut deleniti vel quia. Et alias dolorem aut amet.','1979-04-23 07:50:10','1991-12-17 04:45:10'),(91,100,59,'Iusto maiores harum veritatis veritatis. Distinctio qui sit dolorum. Voluptates eum est officia aperiam voluptatem itaque quo molestias.','Quos autem unde est error quae quam. Sint perferendis ad vero officiis quam. Maiores quasi quaerat et magni adipisci necessitatibus. Rerum exercitationem iure eum sunt quidem qui.','2003-06-03 03:45:39','2017-05-01 13:02:30'),(92,42,29,'Sed reiciendis rerum nihil rerum. Sed voluptatem hic quod non ipsa nulla iste. Illum ea dolor modi sed. Quisquam consequatur a accusamus.','Similique non perspiciatis amet eos esse nihil. Vel dicta qui praesentium sint voluptatibus officiis illum. Ullam minima cum quia hic consequuntur nemo voluptatibus. Tempora non dicta sint placeat quia odio.','2017-08-31 02:35:32','2020-02-29 13:59:08'),(93,28,85,'Qui consequuntur quidem autem officiis repellat dignissimos. Mollitia ipsum et et voluptates minima facilis a. Est libero sequi eaque mollitia velit nisi fuga necessitatibus. Aut est voluptate corporis quia voluptas repudiandae.','Ducimus dolore tenetur ipsam asperiores officia quasi. Dolores nihil nemo accusantium aut. Excepturi sunt expedita fuga. Atque placeat quasi earum totam. Modi minus aspernatur doloremque ab at.','1979-09-05 21:18:49','1999-10-05 09:28:51'),(94,22,85,'Placeat ut nesciunt sint accusantium et. Repellat dignissimos aut sed animi sit.','Sunt nobis quidem sed rerum aliquid et ad. Corporis praesentium fuga quidem quia velit laudantium eligendi. Et facilis praesentium nam dolor nemo est consectetur iste.','1999-08-18 06:50:17','2020-02-29 13:59:08'),(95,36,30,'In cumque beatae impedit inventore quia. Omnis quibusdam maiores voluptas incidunt labore suscipit. Minus dolorum sequi qui molestiae consequatur magni maiores modi. Et ut consectetur id cumque rerum at. Delectus in a officia qui.','Qui illum et perferendis itaque corporis est rem. Sunt et possimus ipsum perspiciatis tempore quia. Et eaque corrupti perspiciatis expedita veritatis. Aliquid dolore omnis dolorum consectetur.','2000-11-26 08:18:50','2001-04-09 11:41:20'),(96,63,83,'Accusamus mollitia voluptates modi aut magni. Distinctio ipsa illum laborum et. Nobis velit porro rerum nihil dolor.','Inventore expedita quod rerum omnis architecto. Perspiciatis ex animi quo.','1980-09-17 15:40:27','2020-02-29 13:59:08'),(97,4,73,'Dolor voluptatem temporibus quibusdam. Maiores inventore illo et quia tempore. Accusantium necessitatibus cum deserunt saepe aut. Enim tempora laborum enim animi sed.','Dolor delectus aut excepturi suscipit assumenda. Dolores amet suscipit at consequatur tenetur. Adipisci architecto dicta soluta recusandae pariatur veniam et. Cum illum beatae beatae nihil saepe non aperiam.','1985-04-01 14:21:13','1988-07-02 03:42:04'),(98,87,82,'Quas eaque mollitia commodi illo vel. Nam dolor voluptas maxime fugit placeat. Nulla adipisci voluptatem officiis et iusto maxime consequatur.','Eaque et vel et ullam repellat explicabo suscipit. Modi consequatur dolorum doloremque explicabo omnis. Enim officiis voluptas aliquid harum. Odio vel ratione minus id ut dolor.','1976-02-11 10:56:58','2015-05-01 15:39:50'),(99,86,25,'In error amet velit nam. Dolore beatae cum similique voluptas ipsum rerum fuga. Est alias recusandae cupiditate rerum labore praesentium. Tempora saepe omnis neque dolor quas suscipit ipsa.','Dolor corrupti dolores unde asperiores. Sed nihil neque eligendi hic odit debitis. Officiis ad nobis nostrum voluptatibus. Aliquid aliquid voluptatum veritatis vel tempore.','1984-01-23 19:16:55','2014-05-28 16:15:15'),(100,7,16,'Et velit consequatur laudantium aut tempora ipsum natus. Qui totam qui voluptatem incidunt. Molestiae porro qui qui autem debitis rem qui sed.','Beatae id sed nesciunt consequuntur sed amet. Animi libero cum possimus doloremque omnis optio. Ex quia et facere. Ab eveniet est consequuntur esse ut.','1993-10-31 04:17:25','2015-02-16 06:10:55');
/*!40000 ALTER TABLE `posts` ENABLE KEYS */;
UNLOCK TABLES;

--
-- Table structure for table `profiles`
--

DROP TABLE IF EXISTS `profiles`;
/*!40101 SET @saved_cs_client     = @@character_set_client */;
/*!50503 SET character_set_client = utf8mb4 */;
CREATE TABLE `profiles` (
  `user_id` int unsigned NOT NULL,
  `gender` char(1) CHARACTER SET utf8 COLLATE utf8_unicode_ci NOT NULL,
  `birthday` date DEFAULT NULL,
  `city` varchar(100) CHARACTER SET utf8 COLLATE utf8_unicode_ci DEFAULT NULL,
  `country` varchar(100) CHARACTER SET utf8 COLLATE utf8_unicode_ci DEFAULT NULL,
  `photo_id` int DEFAULT NULL,
  `created_at` datetime DEFAULT CURRENT_TIMESTAMP,
  `updated_at` datetime DEFAULT CURRENT_TIMESTAMP ON UPDATE CURRENT_TIMESTAMP
) ENGINE=InnoDB DEFAULT CHARSET=utf8 COLLATE=utf8_unicode_ci;
/*!40101 SET character_set_client = @saved_cs_client */;

--
-- Dumping data for table `profiles`
--

LOCK TABLES `profiles` WRITE;
/*!40000 ALTER TABLE `profiles` DISABLE KEYS */;
INSERT INTO `profiles` VALUES (1,'m','2000-08-10','Beertown','Mauritius',NULL,'1999-04-22 06:47:52','2020-02-29 15:29:04'),(2,'f','2014-09-13','Port Cliffordmouth','Iran',NULL,'2019-05-17 07:32:48','2020-02-29 15:29:04'),(3,'m','1995-06-10','Koeppton','Czech Republic',NULL,'1976-12-29 18:54:40','2020-02-29 15:29:04'),(4,'m','2013-02-04','Lake Matilda','Slovenia',122,'2005-10-30 04:11:12','2020-02-29 15:29:04'),(5,'f','1978-09-09','South Archibald','French Guiana',NULL,'1994-12-03 06:46:13','2020-02-29 15:29:04'),(6,'m','1972-06-19','Luettgenfurt','Tonga',118,'2015-12-01 17:02:33','2020-02-29 15:29:04'),(7,'f','1973-11-10','Coleville','Niue',NULL,'2000-01-21 22:01:49','2020-02-29 15:29:04'),(8,'m','1986-11-13','North Timmy','French Southern Territories',NULL,'1996-09-26 22:03:57','2020-02-29 15:29:04'),(9,'m','1971-04-16','New Baron','Bahrain',NULL,'1982-09-09 07:28:50','2020-02-29 15:29:04'),(10,'f','1996-10-21','Bashirianview','Nepal',NULL,'1976-02-23 08:27:07','2020-02-29 15:29:04'),(11,'m','1996-03-14','Daxtown','Mongolia',NULL,'1985-11-24 08:53:48','2020-02-29 15:29:04'),(12,'m','1984-10-10','Heidenreichhaven','Oman',144,'1994-09-22 22:41:42','2020-02-29 15:29:04'),(13,'m','1971-10-20','South Jake','Djibouti',109,'2017-05-11 12:12:47','2020-02-29 15:29:04'),(14,'f','2016-02-13','Altenwerthfort','Germany',NULL,'2002-12-02 17:55:08','2020-02-29 15:29:04'),(15,'m','1973-11-22','New Brendon','Ireland',66,'1999-04-29 23:46:57','2020-02-29 15:29:04'),(16,'m','1999-10-07','Port Destiny','South Georgia and the South Sandwich Islands',NULL,'1984-02-15 08:34:19','2020-02-29 15:29:04'),(17,'f','2016-11-15','Lindfort','Kazakhstan',NULL,'1983-12-12 04:06:24','2020-02-29 15:29:04'),(18,'f','1972-09-19','New Berryview','Germany',140,'1997-01-27 18:49:44','2020-02-29 15:29:04'),(19,'m','2004-05-27','Kayahaven','Lebanon',7,'2013-06-10 20:29:52','2020-02-29 15:29:04'),(20,'m','1982-03-13','McGlynnmouth','Croatia',78,'2017-03-26 07:57:33','2020-02-29 15:29:04'),(21,'f','1996-03-08','North Kasey','Kenya',NULL,'1989-03-23 19:43:39','2020-02-29 15:29:04'),(22,'m','1990-04-18','Rowemouth','Cambodia',2,'1989-11-08 12:29:42','2020-02-29 15:29:04'),(23,'m','2008-03-03','Neomaside','Romania',NULL,'1987-01-03 03:55:48','2020-02-29 15:29:04'),(24,'f','1980-03-16','New Kayla','Ireland',86,'1981-12-31 14:26:59','2020-02-29 15:29:04'),(25,'f','1975-07-09','Pfefferside','Yemen',NULL,'2011-11-22 18:58:55','2020-02-29 15:29:04'),(26,'m','1997-06-26','Wardstad','Portugal',NULL,'2005-01-13 22:40:51','2020-02-29 15:29:04'),(27,'m','1973-11-11','Everardofurt','Niue',NULL,'1975-01-11 20:25:23','2020-02-29 15:29:04'),(28,'f','1987-04-01','Lake Jeanne','Angola',NULL,'1983-12-25 20:31:33','2020-02-29 15:29:04'),(29,'f','1974-09-16','New Jerad','Oman',58,'1979-10-18 04:34:49','2020-02-29 15:29:04'),(30,'m','1995-08-28','North Carmella','France',NULL,'1973-12-20 08:41:53','2020-02-29 15:29:04'),(31,'f','2004-09-10','Novellaberg','Ireland',NULL,'1984-12-24 02:00:25','2020-02-29 15:29:04'),(32,'f','2019-01-02','Port Zoeybury','Venezuela',107,'1981-03-08 20:43:02','2020-02-29 15:29:04'),(33,'m','1976-12-21','Amelyview','Gambia',6,'2015-07-19 00:20:16','2020-02-29 15:29:04'),(34,'m','2017-01-25','West Helmerberg','Dominica',NULL,'1989-01-17 09:52:22','2020-02-29 15:29:04'),(35,'f','2012-09-21','Lafayetteton','Chile',NULL,'1991-10-20 15:46:34','2020-02-29 15:29:04'),(36,'m','1971-10-03','New Jeramyton','Guernsey',99,'1976-09-23 05:02:32','2020-02-29 15:29:04'),(37,'f','1981-11-29','East Mckayla','Heard Island and McDonald Islands',NULL,'1991-05-12 12:07:41','2020-02-29 15:29:04'),(38,'f','1977-01-30','East Reina','France',81,'2001-07-04 07:42:38','2020-02-29 15:29:04'),(39,'f','1998-03-21','Gradyton','Chile',NULL,'1981-04-10 02:54:03','2020-02-29 15:29:04'),(40,'m','2008-03-08','Smithbury','Belize',NULL,'1981-12-27 02:49:39','2020-02-29 15:29:04'),(41,'m','2001-05-22','Lake Darbyside','Ukraine',85,'1988-02-26 06:49:28','2020-02-29 15:29:04'),(42,'f','2006-11-07','Adeliaside','Vanuatu',NULL,'2002-06-10 11:33:17','2020-02-29 15:29:04'),(43,'f','2011-10-09','Lake Destini','Suriname',63,'2007-01-24 05:39:21','2020-02-29 15:29:04'),(44,'m','1997-04-29','East Gerardoview','Micronesia',NULL,'2005-05-25 05:35:13','2020-02-29 15:29:04'),(45,'m','1986-09-08','Port Myaport','Montenegro',NULL,'2004-06-02 00:16:32','2020-02-29 15:29:04'),(46,'f','1983-12-10','West Ernestina','Russian Federation',NULL,'2003-04-03 02:19:25','2020-02-29 15:29:04'),(47,'f','2001-01-23','Rosemariemouth','Oman',NULL,'1987-08-29 16:36:24','2020-02-29 15:29:04'),(48,'m','2004-06-02','Laishaville','Indonesia',NULL,'2010-07-23 07:16:39','2020-02-29 15:29:04'),(49,'m','1985-01-03','Daisyside','Greenland',26,'2016-12-03 23:58:13','2020-02-29 15:29:04'),(50,'m','2019-08-03','Pfannerstillchester','Botswana',NULL,'2013-03-08 07:07:32','2020-02-29 15:29:04'),(51,'f','2011-05-28','North Krystel','Bulgaria',114,'2006-05-18 04:58:11','2020-02-29 15:29:04'),(52,'m','1998-08-15','Gorczanyfurt','South Georgia and the South Sandwich Islands',NULL,'1988-04-10 02:47:17','2020-02-29 15:29:04'),(53,'f','1993-02-14','Amaribury','Bangladesh',111,'2003-09-14 03:41:21','2020-02-29 15:29:04'),(54,'f','1973-10-04','Carrollstad','Qatar',NULL,'1997-01-19 01:38:29','2020-02-29 15:29:04'),(55,'f','2019-09-08','East Garrison','Solomon Islands',NULL,'1982-05-27 04:45:29','2020-02-29 15:29:04'),(56,'f','2009-05-26','Lake Ryleigh','Ukraine',NULL,'2004-02-14 03:08:22','2020-02-29 15:29:04'),(57,'m','1984-05-25','Littlefort','Saint Kitts and Nevis',NULL,'1994-05-28 13:48:59','2020-02-29 15:29:04'),(58,'m','1999-05-02','Lockmanland','Azerbaijan',NULL,'1979-08-01 21:43:43','2020-02-29 15:29:04'),(59,'f','2000-09-14','Rosinaview','Angola',61,'2016-11-08 11:23:22','2020-02-29 15:29:04'),(60,'f','2010-02-01','South Abigail','Mexico',NULL,'2001-12-17 13:38:23','2020-02-29 15:29:04'),(61,'f','2001-03-11','Bertamouth','Macedonia',NULL,'2007-05-17 22:36:11','2020-02-29 15:29:04'),(62,'f','1983-11-07','Lake Rafael','Reunion',NULL,'2011-01-05 13:27:12','2020-02-29 15:29:04'),(63,'m','1985-06-03','East Abigayleville','Vanuatu',NULL,'1983-01-11 21:59:51','2020-02-29 15:29:04'),(64,'f','2000-12-22','Lake Freddieview','Argentina',42,'1993-09-09 10:34:55','2020-02-29 15:29:04'),(65,'f','2013-08-27','North Justice','Nepal',NULL,'2014-09-11 12:28:43','2020-02-29 15:29:04'),(66,'f','1985-11-21','Mayertchester','Slovakia (Slovak Republic)',NULL,'1994-12-22 10:48:52','2020-02-29 15:29:04'),(67,'m','2013-08-10','Gottliebshire','Seychelles',103,'2012-06-28 21:17:38','2020-02-29 15:29:04'),(68,'f','2011-07-06','Eduardomouth','Montserrat',NULL,'1981-10-03 04:17:45','2020-02-29 15:29:04'),(69,'f','2007-08-04','Port Alanishaven','San Marino',27,'1972-09-18 18:30:15','2020-02-29 15:29:04'),(70,'m','1983-03-19','North Ritaside','Angola',24,'2015-10-30 06:16:35','2020-02-29 15:29:04'),(71,'m','2000-06-05','Theresaburgh','Bermuda',NULL,'1991-12-21 19:13:48','2020-02-29 15:29:04'),(72,'f','2000-07-29','New Jeremy','Botswana',NULL,'2017-04-27 01:28:32','2020-02-29 15:29:04'),(73,'m','1973-04-06','New Kelsi','Saint Pierre and Miquelon',20,'1987-05-14 12:43:55','2020-02-29 15:29:04'),(74,'f','2004-01-16','Eldoraville','Czech Republic',44,'2001-10-10 21:23:33','2020-02-29 15:29:04'),(75,'f','1980-06-21','Robertsfort','Tanzania',NULL,'1986-08-14 18:20:35','2020-02-29 15:29:04'),(76,'m','2014-03-05','South Wandachester','Cape Verde',NULL,'1995-07-02 12:32:36','2020-02-29 15:29:04'),(77,'m','1974-04-02','New Lorenaburgh','Saint Vincent and the Grenadines',NULL,'1976-08-30 03:34:05','2020-02-29 15:29:04'),(78,'m','1986-07-03','Raphaelleburgh','Cambodia',56,'1985-01-23 20:36:05','2020-02-29 15:29:04'),(79,'m','1979-09-26','Alvenaberg','Western Sahara',NULL,'1996-08-04 01:16:58','2020-02-29 15:29:04'),(80,'m','1988-02-11','Lake Sanfordport','Cook Islands',NULL,'1975-04-19 02:39:33','2020-02-29 15:29:04'),(81,'f','1996-03-28','Jettieborough','El Salvador',NULL,'1999-06-15 00:21:14','2020-02-29 15:29:04'),(82,'m','2016-01-23','New Terrance','Yemen',5,'1997-05-25 17:06:04','2020-02-29 15:29:04'),(83,'m','1996-02-23','Beaufurt','Moldova',NULL,'2020-01-12 04:57:00','2020-02-29 15:29:04'),(84,'m','1999-10-29','New Loyceport','Vietnam',91,'2009-10-21 03:36:25','2020-02-29 15:29:04'),(85,'m','1995-01-06','Greenholtmouth','Italy',32,'1970-11-27 14:15:41','2020-02-29 15:29:04'),(86,'m','1988-05-12','West Timmyborough','Martinique',NULL,'2009-09-22 17:02:25','2020-02-29 15:29:04'),(87,'f','1970-11-03','Lake Myrticeland','Cambodia',52,'1997-02-24 08:27:53','2020-02-29 15:29:04'),(88,'m','2001-06-11','Port Hoyt','Brazil',112,'1994-05-08 11:51:27','2020-02-29 15:29:04'),(89,'f','1975-05-25','Borerstad','Cook Islands',101,'2001-06-17 23:02:36','2020-02-29 15:29:04'),(90,'f','2001-08-11','Lake Freeman','Czech Republic',NULL,'1973-10-11 14:39:08','2020-02-29 15:29:04'),(91,'m','2011-12-02','West Cathyland','Algeria',16,'1982-06-14 16:06:19','2020-02-29 15:29:04'),(92,'m','1975-07-03','West Bridgetburgh','Netherlands',NULL,'1983-11-18 18:23:01','2020-02-29 15:29:04'),(93,'m','2009-05-06','Destineyport','Nicaragua',71,'2000-07-29 14:34:39','2020-02-29 15:29:04'),(94,'f','1993-02-14','Lake Isabellfurt','French Polynesia',15,'1983-11-23 22:05:55','2020-02-29 15:29:04'),(95,'f','1994-08-03','East Daniela','Yemen',NULL,'1986-07-28 16:21:50','2020-02-29 15:29:04'),(96,'m','1972-06-11','North Elijahfurt','Tokelau',126,'1976-05-06 21:14:49','2020-02-29 15:29:04'),(97,'f','1983-12-10','East Traceberg','Mayotte',NULL,'1976-08-19 07:14:39','2020-02-29 15:29:04'),(98,'f','1976-05-16','Edythebury','Bolivia',NULL,'1986-07-26 06:01:44','2020-02-29 15:29:04'),(99,'m','2002-10-30','Isaiasfort','Japan',NULL,'1982-02-23 04:22:56','2020-02-29 15:29:04'),(100,'f','1971-05-08','McDermottport','Puerto Rico',NULL,'2014-01-24 11:50:30','2020-02-29 15:29:04');
/*!40000 ALTER TABLE `profiles` ENABLE KEYS */;
UNLOCK TABLES;

--
-- Table structure for table `users`
--

DROP TABLE IF EXISTS `users`;
/*!40101 SET @saved_cs_client     = @@character_set_client */;
/*!50503 SET character_set_client = utf8mb4 */;
CREATE TABLE `users` (
  `id` int unsigned NOT NULL AUTO_INCREMENT,
  `login` varchar(100) CHARACTER SET utf8 COLLATE utf8_unicode_ci NOT NULL,
  `password` varchar(100) CHARACTER SET utf8 COLLATE utf8_unicode_ci NOT NULL,
  `first_name` varchar(100) CHARACTER SET utf8 COLLATE utf8_unicode_ci NOT NULL,
  `last_name` varchar(100) CHARACTER SET utf8 COLLATE utf8_unicode_ci NOT NULL,
  `email` varchar(120) CHARACTER SET utf8 COLLATE utf8_unicode_ci NOT NULL,
  `phone` varchar(120) CHARACTER SET utf8 COLLATE utf8_unicode_ci NOT NULL,
  `created_at` datetime DEFAULT CURRENT_TIMESTAMP,
  `updated_at` datetime DEFAULT CURRENT_TIMESTAMP ON UPDATE CURRENT_TIMESTAMP,
  PRIMARY KEY (`id`),
  UNIQUE KEY `login` (`login`),
  UNIQUE KEY `email` (`email`),
  UNIQUE KEY `phone` (`phone`)
) ENGINE=InnoDB AUTO_INCREMENT=101 DEFAULT CHARSET=utf8 COLLATE=utf8_unicode_ci;
/*!40101 SET character_set_client = @saved_cs_client */;

--
-- Dumping data for table `users`
--

LOCK TABLES `users` WRITE;
/*!40000 ALTER TABLE `users` DISABLE KEYS */;
INSERT INTO `users` VALUES (1,'awbb','8f8bc3e6404310476f6aed9396b757e2ac7b2a59','Estrella','Dickens','maximillia44@example.com','1-412-071-1763','1999-05-15 04:29:07','2005-08-12 13:20:54'),(2,'uehi','117af68a2a36c4a93152bb48784266d8e6bf73da','Emmy','McGlynn','rachelle07@example.net','+87(0)0296123335','1978-01-12 09:53:16','2020-02-29 12:45:33'),(3,'kdiv','f06ef6fdbd9b8286cc5fecb9157db3a0412a91b6','Tre','Waters','leuschke.burnice@example.net','(831)943-2204x08170','1986-02-16 08:56:47','2020-02-29 12:45:33'),(4,'wpxq','67b0314e8526edab4082482a5aa234d7dbea19e3','Audra','Kuhlman','hope77@example.com','+62(3)6097615122','2006-06-18 07:49:05','2020-02-29 12:45:33'),(5,'ljza','31a14c58025e2d3dea59089164d662c289bd8391','Nathanial','Bergnaum','donnelly.jan@example.net','676.494.3442','1971-04-30 18:38:57','2002-08-07 19:51:25'),(6,'wmyy','8f3ecdb86f96900f746de550803bcd0354cae938','Pierre','Gislason','joanne.heller@example.net','1-336-630-0070x6623','2011-12-16 19:45:42','2020-02-29 12:45:33'),(7,'ecgu','77cd6e5936ebb692087eb3a80e418e4e014c3908','Florida','Cole','thiel.miller@example.net','1-899-688-1189x89060','1980-11-08 03:26:20','2004-05-01 13:27:33'),(8,'mkgv','4fd2a329c255970ef94f4350dd70ccaadb3a8150','Riley','Schimmel','grant.giovanny@example.com','(407)326-8178','1999-01-15 04:54:10','2000-08-31 15:29:02'),(9,'tfov','023f47832bf85e263f25f02e102cb579eeb98e2e','Javier','Altenwerth','barton.meda@example.org','385.884.7951','2001-09-02 10:40:14','2020-02-29 12:45:33'),(10,'smnk','36f657b54c5d983b3ef1af49e550730e2aeaf6b8','Winifred','Langworth','wyatt95@example.net','1-605-022-8964x1208','2010-12-16 06:48:15','2020-02-29 12:45:33'),(11,'umab','7077be8ea6d646153610d4c55fbedefcc941923f','Kirk','Pacocha','nicolas.whitney@example.org','526.753.1227x2543','1982-10-17 13:40:54','2020-02-29 12:45:33'),(12,'lybm','b7de03ca5c8b223e8a6430e40e2b0c81ac41572c','Devon','Stracke','lcrooks@example.com','819.089.7074x45620','1989-08-08 04:07:19','2020-02-29 12:45:33'),(13,'ktno','6c70b7ccf0cfe7ba31455f81c3ce5be538e6e4ea','Reese','Sauer','albina.rutherford@example.net','368.357.1348x605','1996-03-28 00:40:18','2020-02-29 12:45:33'),(14,'ddpb','08119ef2b7037a601ea378a3f9806c602187659e','Sabryna','Wisozk','ufeil@example.org','925-635-4899x7186','1987-05-18 08:48:39','2009-03-30 23:57:23'),(15,'tgsl','16f18fac18b628e86139db6bd1a1d0ad277a4202','Kendra','Doyle','will.arch@example.net','888-497-1527x5688','1979-07-09 04:36:28','1998-02-02 15:23:36'),(16,'xccw','cc03a133bbf5a65fa0599d46c90365092e051391','Sabryna','Erdman','spfeffer@example.org','1-504-187-5079','2019-04-27 03:25:02','2020-02-29 12:45:33'),(17,'gyaz','807e886de754ca9cc6ca7c6323d7fea64608528c','Jace','Jenkins','gideon45@example.com','(861)050-3256x26870','2016-03-02 21:50:10','2020-02-29 12:45:33'),(18,'vejp','ac67ae57406871c409d6d8a4d2946697184cd960','Augusta','Luettgen','mayer.selina@example.org','533.785.8568x92490','1995-03-10 12:14:42','2010-10-07 15:59:44'),(19,'uytq','4947035eef59897fbebd30cd292caca52aca6511','Skylar','Blick','satterfield.enola@example.net','124-111-0021x108','1994-01-16 17:32:40','2003-11-05 16:19:01'),(20,'xuab','efd686747dde74b3925dff436caa6d9e4e9a1ec4','Shania','Vandervort','junior64@example.net','586-437-7430','1984-04-23 23:50:04','2013-11-11 08:19:41'),(21,'jozr','175a118ab9e905972626b0753b69ffed1bbd0b20','Hilario','Carroll','caesar23@example.org','(723)636-5038x9547','1995-01-03 18:17:41','1998-02-09 01:18:11'),(22,'badu','b5c7acf95d27c785838cbbbc7e86233ac8955c8f','Mertie','Feest','kiehn.mylene@example.com','875-961-6612x2310','1975-09-04 03:48:07','1979-06-03 14:22:14'),(23,'yanh','d25453940c022b5230b81e04c795d1eeb9dd68d3','Elsie','Kutch','ihayes@example.net','555-120-4869','2006-11-01 02:23:04','2018-04-11 02:00:24'),(24,'frfh','0931a8efad2a48635ab147b4df8bb7d16cd854ad','Kameron','McDermott','joan48@example.org','1-084-954-9468x02761','2012-04-24 05:48:12','2018-05-29 12:07:53'),(25,'eibv','9fbfdb843a65094642ac783ff2ae0e079dadbff1','Sylvan','Hilpert','hammes.lilyan@example.org','(420)992-2827x1132','1993-06-17 02:46:58','2020-02-29 12:45:33'),(26,'wrol','a1291ca81175a3e459e2c5115970bb32c038cb87','Leanna','Larson','labadie.watson@example.com','02535710151','1995-03-01 12:15:30','2005-04-28 15:39:32'),(27,'hgzu','3ad502cc621eb853088b6a37b3b22bf31b1b0f64','Carson','Gottlieb','mitchel99@example.com','03300175263','1994-06-15 21:47:02','2020-02-29 12:45:33'),(28,'xocs','69b4526c855b1e2ce56e9fe1e194ebcf28e99957','Angelica','Stark','nsipes@example.org','1-783-438-3847x503','1984-07-23 19:40:10','1996-10-18 01:37:58'),(29,'cpzk','fd8c177d699fcadffcf0f1bce4e16abb9a24221e','Norbert','Abbott','cmante@example.com','608.611.1668','1972-11-25 11:52:04','2002-12-19 09:40:25'),(30,'lrpl','7c8cd225210f4c87ef58b09925c08880b6307c25','Moses','Hudson','celestine30@example.org','079.519.8574x1108','1983-12-02 07:15:20','2009-07-13 23:22:28'),(31,'kfwl','156aef07c466cb135bda6511d7d445ca9bab49cb','Christop','Doyle','trever55@example.com','+22(2)7872144110','2014-11-02 14:23:15','2020-02-29 12:45:33'),(32,'ntdd','584bb0a7244198b6979eeecca2015c0cc22a8ce4','Blaze','Bahringer','igerlach@example.com','1-098-963-7989x3201','1985-08-21 06:48:46','2020-02-29 12:45:33'),(33,'ufvq','0edf7082ea270380c316a304458a7ee407628d8b','Stephania','Kunze','geovanny.emmerich@example.net','1-098-365-8466x5975','1988-07-03 04:54:00','2020-02-29 12:45:33'),(34,'wdxq','d54b9d2a2a51671738b3d36d1326756eafb5e46d','Jeffry','Larson','prudence90@example.com','1-299-104-3637x34039','2002-05-22 19:37:14','2008-02-03 12:54:51'),(35,'zjps','c4850b7606898f879a5b1658121cbfcc0176e131','Austin','Glover','vlittle@example.com','1-416-996-1135x9724','1999-12-10 01:06:02','2003-01-24 19:57:01'),(36,'xvte','ab4b65b7a78dec6a439d10660b35d5e4f838630e','Beryl','Konopelski','ozella23@example.com','(517)981-4427x082','1983-09-10 16:44:11','2011-03-14 16:24:50'),(37,'phzs','32b8fdc2fa66f466c5e56f0dfb9b91bffc150934','Grady','Jenkins','jammie.casper@example.org','1-648-525-6291x04479','1974-08-11 11:29:10','1992-12-17 17:16:48'),(38,'qoop','9c5e7c06d9ff16bcad67c6f0fde2d8b3be50fbb0','Tabitha','Morar','garrick02@example.org','(350)807-9225x139','1974-04-23 22:58:18','2003-04-09 19:26:15'),(39,'auoi','22223054e94c7ffcc9d4fc1d369d8169cc1a11b7','Frankie','Raynor','lolita79@example.org','676-406-2532x7808','1972-11-13 20:42:38','1989-07-12 12:32:12'),(40,'mbsb','7e95829a255cf19b1558103b3b7c658fbe7a252f','Reginald','Dickinson','itzel.littel@example.org','395.557.8982x7527','2011-05-02 05:04:31','2020-02-29 12:45:33'),(41,'eatw','0544ef618778d385593033287452dce3b17e5b45','Kyleigh','Kerluke','corkery.arielle@example.com','026-694-2921x982','1981-07-09 00:20:50','2020-02-29 12:45:33'),(42,'ndgu','fe3bf79adf6707cd13d44d3109d0181904b35cdc','Avery','O\'Conner','wgleason@example.org','851-269-0344x907','2000-05-18 16:52:52','2008-12-09 08:58:10'),(43,'espp','11351a7cd2c66b300c05503c8699b2b7a8a3b1e9','Brandi','Kilback','drew31@example.net','+69(5)4079358976','1975-02-13 16:41:53','2002-12-10 08:33:23'),(44,'vpbo','59e4ba4f4e84ecc6442a47814daf5b69a66f70c8','Sarina','Windler','cabbott@example.net','195-382-4755x0246','1978-10-28 04:17:27','1989-07-31 04:41:43'),(45,'knjj','128e2a6726136cec9f9fc9552335f8eb25351221','Amir','Stark','schuster.betty@example.com','1-866-727-4408x82711','2012-09-02 21:29:11','2018-01-11 16:02:43'),(46,'yxqb','bf34ff2ca2c3b183030c04f7b90c7f4104c44cca','Reuben','Gorczany','jacobson.wilfred@example.org','(134)628-3708x391','1971-07-13 11:25:56','1994-08-28 11:38:02'),(47,'oezd','1c8cb71bc98676c1babbebf17ce1f4a2c1aebea1','Mireille','Frami','lambert.goodwin@example.org','(602)891-5762x63466','2017-02-03 23:58:19','2020-02-29 12:45:33'),(48,'cfjd','6800184960412a6655f9909f750a5d47cb2b9568','Kane','Fadel','srunte@example.org','1-679-797-3618x2835','1999-03-31 15:07:58','2020-02-29 12:45:33'),(49,'ghgj','a7673a307e55011cf888edf6386f9d4f7a53670e','Curt','Moen','lebsack.etha@example.com','1-778-789-5485x87299','2015-09-23 20:27:11','2020-02-29 12:45:33'),(50,'dzzw','a0bee5728447192ef47449416cc1aab77fd22f67','Jonathon','Smitham','nader.serenity@example.net','1-751-670-8934x21671','2014-06-20 01:55:08','2020-02-29 12:45:33'),(51,'trin','0d413635d69d9a74529f45b6b47c5b62e65f7e6c','Robbie','Littel','dietrich.elsie@example.org','819.286.6667','2015-12-15 12:30:00','2020-02-29 12:45:33'),(52,'uhxb','357f6be6a2ba6422a1b8d8731cb33522c4389005','Angie','Hansen','sigmund02@example.net','1-367-362-9258','1986-06-07 23:34:54','2017-08-12 10:44:59'),(53,'abts','a8397cf2d9c6050e1d58ae6bf431b85ea49c5bd8','Kaitlyn','Balistreri','ybergnaum@example.com','(087)247-9925x0603','2010-05-22 17:22:03','2020-02-29 12:45:33'),(54,'qyst','7660f4e3f14f63d5ee7a8af17c9a68b7c05a951e','Lexus','Stiedemann','jedediah.hickle@example.com','+96(8)5885682004','1991-06-09 15:43:38','2020-02-29 12:45:33'),(55,'moug','36791f72613b1a83c8f2ee6806d9dda79e6beec5','Fae','Eichmann','susie.pagac@example.com','242.074.2605x22880','1978-11-19 23:34:02','2004-05-16 05:47:10'),(56,'ebwe','3d48ea2d00af86c4c0e959ab45c14f7d87df632e','Gwendolyn','Frami','kconnelly@example.com','(899)537-0568x1455','1998-12-13 04:43:29','2020-02-29 12:45:33'),(57,'mdya','f4aa65b7880d00ceb49521df7be3d900f6b2f18d','Brooklyn','Weissnat','ethelyn31@example.net','103.457.6525x2506','2018-05-09 21:35:52','2020-02-29 12:45:33'),(58,'nbwi','9760eb75dd6ad01e42caa74de2bb61a36bbc022d','Sabryna','Murray','blair.boehm@example.net','149-711-5812x142','1972-07-01 22:12:37','2012-05-08 21:38:03'),(59,'pird','447c8694881132c929c109258c9a6a0058a7f58f','Werner','Pfeffer','andy90@example.org','(050)087-3256x9788','1992-05-23 09:54:49','2004-11-01 15:41:24'),(60,'agts','80b3e00227a09f2f4aef40751e1af08b3e9e4a10','Daphnee','Beahan','fflatley@example.com','461-940-6366','2008-09-15 20:23:59','2018-02-26 09:24:23'),(61,'xdkw','607cc2a1849268aaf8b47daa10f21fe395467362','Estel','Berge','pveum@example.com','803-303-4248x26770','1988-05-02 10:30:48','2020-02-29 12:45:33'),(62,'kdxe','8af99e7a5e24db753ad67a1cc1588ec0404149eb','Felipe','Corkery','glen75@example.net','1-731-026-4694','2011-10-29 08:25:19','2020-02-29 12:45:33'),(63,'njcm','38e6801cc3131b0bad6a2745f325f28b657ffe51','Jaunita','Cassin','sdaniel@example.com','747-747-1730x1655','2019-01-27 04:28:35','2020-02-29 12:45:33'),(64,'kbgf','1d95fdd35509f25d8ae40cca6328c8be2d53e4b3','Deion','Trantow','thoppe@example.net','(503)756-9369','2014-06-21 08:35:12','2020-02-29 12:45:33'),(65,'rldb','37f6e213b47730ff7ee4d1387b93d82f473c6bed','Robert','Braun','kd\'amore@example.com','1-833-489-9004x6907','1981-10-12 10:31:32','2012-08-04 18:18:16'),(66,'jrto','6bdb50cb2a093f5605ea0e0a451309ffcaeb75eb','Ezekiel','Cole','sipes.nicholas@example.com','028.040.4912x0896','2009-10-29 16:08:13','2020-02-29 12:45:33'),(67,'oajb','46a020ef8d697970db534db4b411d0471fcbd483','Alyce','Schmidt','grady.heidi@example.net','022-482-6190x6424','2009-02-06 04:05:22','2019-03-03 02:02:40'),(68,'rxaz','b222d454830db1aac0c908f60d18b7b12a00d2ad','Jerald','Ebert','glen25@example.com','(258)156-0699x7297','1982-12-03 16:34:01','1991-08-24 12:47:41'),(69,'affk','dae0b8dc44bd74000a0c0926d6ff6506040eae31','Krystel','Kulas','tiffany.hoeger@example.net','1-229-146-1306x57959','1978-09-16 21:12:18','2019-07-10 13:04:45'),(70,'ugap','508472507646293c40702c77aa9c65bf56b72f1e','Obie','Hoeger','louisa59@example.net','+70(6)6273914686','2003-11-26 21:06:30','2020-02-29 12:45:33'),(71,'snxh','6d4df5524364baaf329234404a89794177fc1a8a','Milton','Mills','weston69@example.com','091-542-3128','1978-06-30 16:56:56','2014-04-27 07:29:19'),(72,'vlpm','3617d464828b44533bba04ba107df2ac431478b9','Maiya','Casper','hilll.reese@example.com','1-037-945-9807','1976-05-19 09:01:34','1994-08-05 09:52:42'),(73,'yrsk','782ae0f49c495a715184ab736f9fa9730def0aae','Stanford','Effertz','mcclure.eldridge@example.com','831.508.5594x7998','1989-03-05 19:08:52','2020-02-29 12:45:33'),(74,'wysb','dab92a1bcef80cad2afcf97ed373ee2e5d05d091','Gracie','O\'Kon','madisen.davis@example.net','+88(5)8672774768','1975-03-11 03:31:03','2006-12-05 18:02:15'),(75,'mllh','3f9c7c3cc9911c6ae8b052d124e2575b02e8b4f9','Maria','Kulas','zieme.kylee@example.org','(534)257-5724','1985-07-28 17:34:57','1987-09-28 01:14:18'),(76,'dkwv','bb37bc877aeaafb5f04058ac87002bb551af3adc','Barney','Christiansen','leonard75@example.org','06372375160','1985-02-17 07:13:05','2020-02-29 12:45:33'),(77,'zapg','a89edf382b52dd037f5164361d8ebe330922b636','Keely','Kling','weber.morris@example.org','(212)949-0460x3974','2016-04-06 06:11:06','2020-02-29 12:45:33'),(78,'vmox','61d3f3d98fdf82f4ab80f594fa3b0264237b4abc','Damion','Reilly','hauck.craig@example.net','04690934141','1990-03-25 03:28:03','2015-04-30 04:19:03'),(79,'cljf','523b7221a6b55ddcca61d86aa70461c5891c2a65','Noel','Corkery','rey01@example.org','312-963-9318','1980-01-12 03:20:09','1994-09-20 03:08:09'),(80,'aklg','6db8eafeb360b8551bbd993b995dac002947586e','Frida','Russel','jbruen@example.net','1-003-784-2900x59414','2018-12-14 21:58:12','2020-02-29 12:45:33'),(81,'jpkd','c3af2582362b36601d4678a9459e5f623e47f541','Enrique','Reichert','linnie46@example.org','00750552321','1983-06-25 07:16:05','1987-09-21 02:12:29'),(82,'ehay','4efce05059a9dbf10c1d04f03ff9a4e35b57b3dc','Nicholas','Gislason','dhilll@example.com','(361)300-3407','1992-06-10 23:27:19','2020-02-29 12:45:33'),(83,'nzsd','96e627226b73a2c8db93001930da8c4446678452','Isaiah','Lehner','rusty50@example.net','705.889.6772x088','1985-03-25 19:13:17','2020-02-29 12:45:33'),(84,'rvnj','6c923552ae76adeb50b24335a31948bea4a4349a','Hortense','Wintheiser','terrence64@example.net','1-556-036-3941x16881','1983-12-16 07:40:21','1996-05-28 07:15:05'),(85,'ppeq','f85e452412ceb2bca73e3ad0c83a8e026df178b7','Kali','Kutch','kellie58@example.net','08939329457','2006-02-23 05:50:59','2014-02-13 21:29:39'),(86,'fjyl','cd25fdca0cada81bb8b40db914bad2648280b82b','Elena','Ratke','miller.jean@example.org','+15(4)0617885961','1983-01-28 11:22:31','2017-08-10 18:59:42'),(87,'bxgu','074f88017978f5f40478d1a92f45b442eda0c0c3','Rickie','Hudson','coby.wilkinson@example.org','1-736-690-3730','1985-01-03 15:09:29','2011-05-28 16:04:23'),(88,'cwjy','1383e256311094b056d6d48858b313009e14a46d','Adolph','Bins','bauch.corine@example.net','564.592.2480','1993-12-19 20:46:55','2020-02-29 12:45:33'),(89,'pesu','771c7f6d085b83e4023a27fd229647d8f7d25b3c','Corbin','Hammes','armani16@example.net','174.630.2192x413','1999-08-04 06:38:51','2010-01-31 23:33:16'),(90,'ppgt','902d51ccb8430126d9878765e317b0536483803d','Derek','Bechtelar','daron.reichert@example.org','06584653734','1977-04-18 19:53:54','2005-05-04 09:57:52'),(91,'epsv','b221638c2eacc613b9c0a833252eed6228d5cd18','Garrett','Abbott','jones.jarrett@example.com','+64(1)5407526846','2007-10-01 12:36:07','2020-02-29 12:45:33'),(92,'vnfv','681898e77265bd8ed5092260326a6cc31ed069ac','Wyatt','Runte','icummerata@example.org','367-872-6223','2001-04-11 05:32:46','2012-12-30 21:23:01'),(93,'aaia','4fddf900126c84f819d03ea494f845879b408582','Gaetano','Goodwin','aaron33@example.net','510.785.0824x17456','2009-08-16 07:32:38','2020-02-29 12:45:33'),(94,'tvzi','bf613bb0f7683f1c93ad1b15cbe5ae86d66a1442','Kieran','Streich','balistreri.john@example.com','(121)735-8058x20906','2010-03-05 11:00:30','2020-02-29 12:45:33'),(95,'ajjx','5c330f58ee895fdad1ecfddcb78e10404eb9da89','Levi','Davis','bertha.pouros@example.com','143-880-2527x49832','2003-04-24 04:43:00','2020-02-29 12:45:33'),(96,'bnwy','a7aa444eb5c4aef923dd4a14ba6c3730683c13c6','Ulises','Upton','zechariah83@example.com','+33(8)3968478628','1970-07-18 11:49:29','1989-01-29 02:04:39'),(97,'xbdq','486ec45c6b3d032180bea7e66bc27e85d07a6691','Jordi','White','pterry@example.org','(402)197-6231x15449','1993-08-21 16:52:06','2006-03-02 07:27:53'),(98,'ysic','7f80695b07faff84ebcc39e04456cd4bd6fe1084','Israel','McCullough','bria.bauch@example.net','111-241-3282x22350','1975-06-10 16:22:54','2003-12-21 04:44:29'),(99,'coot','7cb9b47fcbdc317540f11cb32660f213eb3a42ee','Jermaine','Jerde','christiansen.libbie@example.org','373-972-3986x1902','1986-01-21 01:09:48','2020-02-29 12:45:33'),(100,'hdzt','5b4ef17930855ab70fa30607f4d6ff6ecfc325f1','Parker','Medhurst','quitzon.kayla@example.net','(277)552-5524x79849','1984-01-12 13:57:16','2020-02-29 12:45:33');
/*!40000 ALTER TABLE `users` ENABLE KEYS */;
UNLOCK TABLES;
/*!40103 SET TIME_ZONE=@OLD_TIME_ZONE */;

/*!40101 SET SQL_MODE=@OLD_SQL_MODE */;
/*!40014 SET FOREIGN_KEY_CHECKS=@OLD_FOREIGN_KEY_CHECKS */;
/*!40014 SET UNIQUE_CHECKS=@OLD_UNIQUE_CHECKS */;
/*!40101 SET CHARACTER_SET_CLIENT=@OLD_CHARACTER_SET_CLIENT */;
/*!40101 SET CHARACTER_SET_RESULTS=@OLD_CHARACTER_SET_RESULTS */;
/*!40101 SET COLLATION_CONNECTION=@OLD_COLLATION_CONNECTION */;
/*!40111 SET SQL_NOTES=@OLD_SQL_NOTES */;

-- Dump completed on 2020-03-01 19:26:32
